{"properties":{"connectionReferences":{"shared_adobesign":{"runtimeSource":"embedded","connection":{},"api":{"name":"shared_adobesign"}},"shared_teams":{"runtimeSource":"embedded","connection":{},"api":{"name":"shared_teams"}},"shared_commondataserviceforapps":{"runtimeSource":"embedded","connection":{},"api":{"name":"shared_commondataserviceforapps"}}},"definition":{"$schema":"https://schema.management.azure.com/providers/Microsoft.Logic/schemas/2016-06-01/workflowdefinition.json#","contentVersion":"1.0.0.0","parameters":{"$connections":{"defaultValue":{},"type":"Object"},"$authentication":{"defaultValue":{},"type":"SecureObject"}},"triggers":{"When_a_record_is_created,_updated_or_deleted":{"type":"OpenApiConnectionWebhook","inputs":{"host":{"connectionName":"shared_commondataserviceforapps","operationId":"SubscribeWebhookTrigger","apiId":"/providers/Microsoft.PowerApps/apis/shared_commondataserviceforapps"},"parameters":{"subscriptionRequest/message":3,"subscriptionRequest/entityname":"msdyn_candidate","subscriptionRequest/scope":4,"subscriptionRequest/filteringattributes":"crc46_joboffersent, crc46_jobofferagreementid"},"authentication":"@parameters('$authentication')"}}},"actions":{"If_Job_Offer_sent_and_Agreement_ID_registered,_we_continue":{"actions":{},"runAfter":{"Default_Adaptive_Card":["Succeeded"]},"else":{"actions":{"Nothing_to_do_1":{"runAfter":{},"type":"Terminate","inputs":{"runStatus":"Cancelled"}}}},"expression":{"and":[{"equals":["@triggerOutputs()?['body/crc46_joboffersent']","@true"]},{"equals":["@empty(triggerOutputs()?['body/crc46_jobofferagreementid'])","@false"]}]},"type":"If"},"\"Agreement_Signature_Status\"_variable_initialization":{"runAfter":{},"type":"InitializeVariable","inputs":{"variables":[{"name":"agreementSignatureStatus","type":"String"}]}},"While_agreement_is_not_signed,_check_its_signature_status":{"actions":{"Get_Agreement_Status":{"runAfter":{},"type":"OpenApiConnection","inputs":{"host":{"connectionName":"shared_adobesign","operationId":"GetAgreementInfo_V2","apiId":"/providers/Microsoft.PowerApps/apis/shared_adobesign"},"parameters":{"agreementId":"@triggerOutputs()?['body/crc46_jobofferagreementid']"},"authentication":"@parameters('$authentication')"}},"Update_\"Agreement_Signature_Status\"_variable":{"runAfter":{"Get_Agreement_Status":["Succeeded"]},"type":"SetVariable","inputs":{"name":"agreementSignatureStatus","value":"@outputs('Get_Agreement_Status')?['body/status']"}}},"runAfter":{"If_Job_Offer_sent_and_Agreement_ID_registered,_we_continue":["Succeeded"]},"expression":"@equals(variables('agreementSignatureStatus'), 'SIGNED')","limit":{"count":1000,"timeout":"PT1H"},"type":"Until"},"If_job_offer_agreement_signed,_we_continue":{"actions":{},"runAfter":{"While_agreement_is_not_signed,_check_its_signature_status":["Succeeded"]},"else":{"actions":{"Nothing_to_do_2":{"runAfter":{},"type":"Terminate","inputs":{"runStatus":"Cancelled"}}}},"expression":{"equals":["@variables('agreementSignatureStatus')","SIGNED"]},"type":"If"},"Signed_Job_Offer_notification":{"runAfter":{"Put_manager_in_adaptive_card":["Succeeded"]},"type":"OpenApiConnection","inputs":{"host":{"connectionName":"shared_teams","operationId":"PostChannelAdaptiveCard","apiId":"/providers/Microsoft.PowerApps/apis/shared_teams"},"parameters":{"groupId":"8449aa1b-0377-4ec4-b5df-017b97404807","PostAdaptiveCardRequest/recipient/channelId":"19:8e2a2be88b204dd9bb64f88ffe17ea59@thread.skype","PostAdaptiveCardRequest/messageBody":"@outputs('Put_manager_in_adaptive_card')"},"authentication":"@parameters('$authentication')"}},"Default_Adaptive_Card":{"runAfter":{"\"Agreement_Signature_Status\"_variable_initialization":["Succeeded"]},"type":"Compose","inputs":{"type":"AdaptiveCard","body":[{"type":"Image","altText":"","url":"https://org58f8d719.crm.dynamics.com//WebResources/crc46_CongratsBanner"},{"type":"TextBlock","text":"We have a new signed Job Offer!","size":"Large","weight":"Bolder","horizontalAlignment":"Center"},{"type":"ColumnSet","columns":[{"type":"Column","width":"stretch","items":[{"type":"TextBlock","text":"The lucky one:","weight":"Bolder"},{"type":"TextBlock","text":"Start Date:","weight":"Bolder"},{"type":"TextBlock","text":"Manager:","weight":"Bolder"}]},{"type":"Column","width":"stretch","items":[{"type":"TextBlock","text":"<NewEmployeeName>"},{"type":"TextBlock","text":"<StartDate>"},{"type":"TextBlock","text":"<Manager>"}]}]}],"$schema":"http://adaptivecards.io/schemas/adaptive-card.json","version":"1.0"}},"Put_new_employee_name_in_adaptive_card":{"runAfter":{"Update_first_Application_found_for_the_Candidate":["Succeeded"]},"type":"Compose","inputs":"@replace(string(outputs('Default_Adaptive_Card')), '<NewEmployeeName>', concat(concat(triggerOutputs()?['body/msdyn_givenname'], ' '), triggerOutputs()?['body/msdyn_surname']))"},"Put_start_date_in_adaptive_card":{"runAfter":{"Put_new_employee_name_in_adaptive_card":["Succeeded"]},"type":"Compose","inputs":"@replace(outputs('Put_new_employee_name_in_adaptive_card'), '<StartDate>', '03/02/2020')"},"Put_manager_in_adaptive_card":{"runAfter":{"Put_start_date_in_adaptive_card":["Succeeded"]},"type":"Compose","inputs":"@replace(outputs('Put_start_date_in_adaptive_card'), '<Manager>', 'Morgane Smith')"},"Update_Candidate":{"runAfter":{"If_job_offer_agreement_signed,_we_continue":["Succeeded"]},"type":"OpenApiConnection","inputs":{"host":{"connectionName":"shared_commondataserviceforapps","operationId":"UpdateRecord","apiId":"/providers/Microsoft.PowerApps/apis/shared_commondataserviceforapps"},"parameters":{"entityName":"msdyn_candidates","recordId":"@triggerOutputs()?['body/msdyn_candidateid']","item/crc46_jobofferaccepted":true},"authentication":"@parameters('$authentication')"}},"Get_Applications_associated_to_Candidate":{"runAfter":{"Update_Candidate":["Succeeded"]},"type":"OpenApiConnection","inputs":{"host":{"connectionName":"shared_commondataserviceforapps","operationId":"ListRecords","apiId":"/providers/Microsoft.PowerApps/apis/shared_commondataserviceforapps"},"parameters":{"entityName":"msdyn_jobapplications","$select":"msdyn_jobapplicationid","$filter":"_msdyn_candidateid_value eq '@{outputs('Update_Candidate')?['body/msdyn_candidateid']}'"},"authentication":"@parameters('$authentication')"},"runtimeConfiguration":{"paginationPolicy":{"minimumItemCount":2000}}},"Update_first_Application_found_for_the_Candidate":{"runAfter":{"Get_Applications_associated_to_Candidate":["Succeeded"]},"type":"OpenApiConnection","inputs":{"host":{"connectionName":"shared_commondataserviceforapps","operationId":"UpdateRecord","apiId":"/providers/Microsoft.PowerApps/apis/shared_commondataserviceforapps"},"parameters":{"entityName":"msdyn_jobapplications","recordId":"@first(outputs('Get_Applications_associated_to_Candidate')?['body/value'])?['msdyn_jobapplicationid']","item/msdyn_jobapplicationstatusreason":2},"authentication":"@parameters('$authentication')"}}},"outputs":{}}},"schemaVersion":"1.0.0.0"}