{"properties":{"connectionReferences":{"shared_commondataservice":{"runtimeSource":"embedded","connection":{},"api":{"name":"shared_commondataservice"}}},"definition":{"$schema":"https://schema.management.azure.com/providers/Microsoft.Logic/schemas/2016-06-01/workflowdefinition.json#","contentVersion":"1.0.0.0","parameters":{"$connections":{"defaultValue":{},"type":"Object"},"$authentication":{"defaultValue":{},"type":"SecureObject"}},"triggers":{"manual":{"type":"Request","kind":"Http","inputs":{"schema":{"type":"object","properties":{"WorkerPrimaryEmailAddress":{"type":"string"}}}}}},"actions":{"Scope":{"actions":{"Get_Workers_with_input_Email_Address":{"runAfter":{},"metadata":{"flowSystemMetadata":{"swaggerOperationId":"GetItems_V2"}},"type":"ApiConnection","inputs":{"host":{"connection":{"name":"@parameters('$connections')['shared_commondataservice']['connectionId']"}},"method":"get","path":"/v2/datasets/@{encodeURIComponent(encodeURIComponent('org6149b167.crm'))}/tables/@{encodeURIComponent(encodeURIComponent('cdm_workers'))}/items","queries":{"$filter":"cdm_primaryemailaddress eq '@{triggerBody()?['WorkerPrimaryEmailAddress']}'"},"authentication":"@parameters('$authentication')"}},"Get_Position_Worker_Assignments_for_the_first_Worker_found":{"runAfter":{"Get_Workers_with_input_Email_Address":["Succeeded"]},"metadata":{"flowSystemMetadata":{"swaggerOperationId":"GetItems_V2"}},"type":"ApiConnection","inputs":{"host":{"connection":{"name":"@parameters('$connections')['shared_commondataservice']['connectionId']"}},"method":"get","path":"/v2/datasets/@{encodeURIComponent(encodeURIComponent('org6149b167.crm'))}/tables/@{encodeURIComponent(encodeURIComponent('cdm_positionworkerassignmentmaps'))}/items","queries":{"$filter":"_cdm_workerid_value eq '@{first(body('Get_Workers_with_input_Email_Address')?['value'])?['cdm_workerid']}'"},"authentication":"@parameters('$authentication')"}},"Get_Worker_Position_based_on_the_first_Position_Worker_Assignment_found":{"runAfter":{"Get_Position_Worker_Assignments_for_the_first_Worker_found":["Succeeded"]},"metadata":{"flowSystemMetadata":{"swaggerOperationId":"GetItem_V2"}},"type":"ApiConnection","inputs":{"host":{"connection":{"name":"@parameters('$connections')['shared_commondataservice']['connectionId']"}},"method":"get","path":"/v2/datasets/@{encodeURIComponent(encodeURIComponent('org6149b167.crm'))}/tables/@{encodeURIComponent(encodeURIComponent('cdm_jobpositions'))}/items/@{encodeURIComponent(encodeURIComponent(first(body('Get_Position_Worker_Assignments_for_the_first_Worker_found')?['value'])?['_cdm_jobpositionid_value']))}","authentication":"@parameters('$authentication')"}},"Get_Position_Worker_Assignments_for_the_Parent_Position_of_the_Position_found":{"runAfter":{"Get_Worker_Position_based_on_the_first_Position_Worker_Assignment_found":["Succeeded"]},"metadata":{"flowSystemMetadata":{"swaggerOperationId":"GetItems_V2"}},"type":"ApiConnection","inputs":{"host":{"connection":{"name":"@parameters('$connections')['shared_commondataservice']['connectionId']"}},"method":"get","path":"/v2/datasets/@{encodeURIComponent(encodeURIComponent('org6149b167.crm'))}/tables/@{encodeURIComponent(encodeURIComponent('cdm_positionworkerassignmentmaps'))}/items","queries":{"$filter":"_cdm_jobpositionid_value eq '@{body('Get_Worker_Position_based_on_the_first_Position_Worker_Assignment_found')?['cdm_jobpositionid']}'"},"authentication":"@parameters('$authentication')"}},"Get_Worker_for_the_first_Parent_Position_Worker_Assignment_found":{"runAfter":{"Get_Position_Worker_Assignments_for_the_Parent_Position_of_the_Position_found":["Succeeded"]},"metadata":{"flowSystemMetadata":{"swaggerOperationId":"GetItem_V2"}},"type":"ApiConnection","inputs":{"host":{"connection":{"name":"@parameters('$connections')['shared_commondataservice']['connectionId']"}},"method":"get","path":"/v2/datasets/@{encodeURIComponent(encodeURIComponent('org6149b167.crm'))}/tables/@{encodeURIComponent(encodeURIComponent('cdm_workers'))}/items/@{encodeURIComponent(encodeURIComponent(first(body('Get_Position_Worker_Assignments_for_the_Parent_Position_of_the_Position_found')?['value'])?['_cdm_workerid_value']))}","authentication":"@parameters('$authentication')"}},"Set_variable":{"runAfter":{"Get_Worker_for_the_first_Parent_Position_Worker_Assignment_found":["Succeeded"]},"type":"SetVariable","inputs":{"name":"workerManagerFullName","value":"@body('Get_Worker_for_the_first_Parent_Position_Worker_Assignment_found')?['cdm_fullname']"}}},"runAfter":{"Initialize_variable":["Succeeded"]},"type":"Scope"},"Initialize_variable":{"runAfter":{},"type":"InitializeVariable","inputs":{"variables":[{"name":"workerManagerFullName","type":"String"}]}},"Response":{"runAfter":{"Condition":["Succeeded"]},"type":"Response","kind":"Http","inputs":{"statusCode":200,"body":{"WorkerManagerFullName":"@{variables('workerManagerFullName')}"},"schema":{"type":"object","properties":{"WorkerManagerFullName":{"type":"string"}}}}},"Condition":{"actions":{"Set_variable_2":{"runAfter":{},"type":"SetVariable","inputs":{"name":"workerManagerFullName","value":"Unknown"}}},"runAfter":{"Scope":["Succeeded","Failed","Skipped","TimedOut"]},"expression":{"equals":["@empty(variables('workerManagerFullName'))","@true"]},"type":"If"}},"outputs":{}}},"schemaVersion":"1.0.0.0"}