{"properties":{"connectionReferences":{"shared_commondataservice":{"runtimeSource":"embedded","connection":{},"api":{"name":"shared_commondataservice"}},"shared_commondataserviceforapps":{"impersonation":{},"runtimeSource":"embedded","connection":{},"api":{"name":"shared_commondataserviceforapps"}}},"definition":{"$schema":"https://schema.management.azure.com/providers/Microsoft.Logic/schemas/2016-06-01/workflowdefinition.json#","contentVersion":"1.0.0.0","parameters":{"$connections":{"defaultValue":{},"type":"Object"},"$authentication":{"defaultValue":{},"type":"SecureObject"}},"triggers":{"manual":{"type":"Request","kind":"Http","inputs":{"schema":{"type":"object","properties":{"UserWorkEmailAddressForRequest":{"type":"string"},"SoftwareName":{"type":"string"},"SoftwareRequestDetails":{"type":"string"}}}}}},"actions":{"Initialize_variable":{"runAfter":{},"type":"InitializeVariable","inputs":{"variables":[{"name":"onboardingTaskCreationResult","type":"String"}]}},"Scope":{"actions":{"Get_Workers_with_input_Email_Address":{"runAfter":{},"metadata":{"flowSystemMetadata":{"swaggerOperationId":"GetItems_V2"}},"type":"ApiConnection","inputs":{"host":{"connection":{"name":"@parameters('$connections')['shared_commondataservice']['connectionId']"}},"method":"get","path":"/v2/datasets/@{encodeURIComponent(encodeURIComponent('org6149b167.crm'))}/tables/@{encodeURIComponent(encodeURIComponent('cdm_workers'))}/items","queries":{"$filter":"cdm_primaryemailaddress eq '@{triggerBody()?['UserWorkEmailAddressForRequest']}'"},"authentication":"@parameters('$authentication')"}},"Get_Worker_Onboardings_associated_to_the_first_Worker_found":{"runAfter":{"Get_Workers_with_input_Email_Address":["Succeeded"]},"type":"OpenApiConnection","inputs":{"host":{"apiId":"/providers/Microsoft.PowerApps/apis/shared_commondataserviceforapps","connectionName":"shared_commondataserviceforapps","operationId":"ListRecords"},"parameters":{"entityName":"crc46_workeronboardings","$filter":"_crc46_worker_value eq '@{first(body('Get_Workers_with_input_Email_Address')?['value'])?['cdm_workerid']}'"},"authentication":"@parameters('$authentication')"},"runtimeConfiguration":{"paginationPolicy":{"minimumItemCount":2000}}},"Set_variable":{"runAfter":{"Generate_Onboarding_Task":["Succeeded"]},"type":"SetVariable","inputs":{"name":"onboardingTaskCreationResult","value":"OK"}},"Generate_Onboarding_Task":{"runAfter":{"Get_Worker_Onboardings_associated_to_the_first_Worker_found":["Succeeded"]},"type":"OpenApiConnection","inputs":{"host":{"apiId":"/providers/Microsoft.PowerApps/apis/shared_commondataserviceforapps","connectionName":"shared_commondataserviceforapps","operationId":"CreateRecord"},"parameters":{"entityName":"crc46_onboardingtasks","item/subject":"Software installation for @{first(body('Get_Workers_with_input_Email_Address')?['value'])?['cdm_fullname']} - @{triggerBody()?['SoftwareName']}","item/crc46_type":928310005,"item/description":"@triggerBody()?['SoftwareRequestDetails']","item/prioritycode":1,"item/regardingobjectid_crc46_workeronboarding_crc46_onboardingtask@odata.bind":"/crc46_workeronboardings(@{first(outputs('Get_Worker_Onboardings_associated_to_the_first_Worker_found')?['body/value'])?['crc46_workeronboardingid']})"},"authentication":"@parameters('$authentication')"}}},"runAfter":{"Initialize_variable":["Succeeded"]},"type":"Scope"},"Condition":{"actions":{"Set_variable_2":{"runAfter":{},"type":"SetVariable","inputs":{"name":"onboardingTaskCreationResult","value":"KO"}}},"runAfter":{"Scope":["Succeeded","Failed","Skipped","TimedOut"]},"expression":{"equals":["@empty(variables('onboardingTaskCreationResult'))","@true"]},"type":"If"},"Response":{"runAfter":{"Condition":["Succeeded"]},"type":"Response","kind":"Http","inputs":{"statusCode":200,"body":{"OnboardingTaskCreationResult":"@{variables('onboardingTaskCreationResult')}"},"schema":{"type":"object","properties":{"OnboardingTaskCreationResult":{"type":"string"}}}}}},"outputs":{}}},"schemaVersion":"1.0.0.0"}