{"properties":{"connectionReferences":{},"definition":{"$schema":"https://schema.management.azure.com/providers/Microsoft.Logic/schemas/2016-06-01/workflowdefinition.json#","contentVersion":"1.0.0.0","parameters":{"$authentication":{"defaultValue":{},"type":"SecureObject"}},"triggers":{"manual":{"type":"Request","kind":"PowerApp","inputs":{"schema":{"type":"object","properties":{"CandidateID_Inputs":{"type":"any","description":"Inputs","x-ms-powerflows-param-ispartial":false}},"required":["CandidateID_Inputs"]}}}},"actions":{"CandidateID":{"runAfter":{},"type":"Compose","inputs":"@triggerBody()['CandidateID_Inputs']"},"Respond_to_a_PowerApp_or_flow":{"runAfter":{"Call_to_\"Send_Job_Offer_to_Candidate_for_signature\"_service":["Succeeded"]},"type":"Response","kind":"PowerApp","inputs":{"statusCode":200,"body":{"joboffersent":"@outputs('Call_to_\"Send_Job_Offer_to_Candidate_for_signature\"_service')?['Body']?['jobOfferSent']"},"schema":{"type":"object","properties":{"joboffersent":{"title":"JobOfferSent","x-ms-dynamically-added":true,"type":"string"}}}}},"Call_to_\"Send_Job_Offer_to_Candidate_for_signature\"_service":{"runAfter":{"CandidateID":["Succeeded"]},"type":"Workflow","inputs":{"host":{"workflowReferenceName":"7827e778-1450-ea11-a812-000d3a8c9f3b"},"body":{"candidateId":"@outputs('CandidateID')"}}}},"outputs":{}}},"schemaVersion":"1.0.0.0"}