{"properties":{"connectionReferences":{"shared_adobesign":{"runtimeSource":"embedded","connection":{},"api":{"name":"shared_adobesign"}},"shared_commondataserviceforapps":{"runtimeSource":"embedded","connection":{},"api":{"name":"shared_commondataserviceforapps"}}},"definition":{"$schema":"https://schema.management.azure.com/providers/Microsoft.Logic/schemas/2016-06-01/workflowdefinition.json#","contentVersion":"1.0.0.0","parameters":{"$connections":{"defaultValue":{},"type":"Object"},"$authentication":{"defaultValue":{},"type":"SecureObject"}},"triggers":{"manual":{"type":"Request","kind":"Http","inputs":{"schema":{"type":"object","properties":{"candidateId":{"type":"string"}}},"method":"POST"}}},"actions":{"Response":{"runAfter":{"Scope":["Succeeded","Failed","Skipped","TimedOut"]},"type":"Response","kind":"Http","inputs":{"statusCode":200,"body":{"jobOfferSent":"True"},"schema":{"type":"object","properties":{"jobOfferSent":{"type":"string"}}}}},"Scope":{"actions":{"Get_Candidate":{"runAfter":{},"type":"OpenApiConnection","inputs":{"host":{"connectionName":"shared_commondataserviceforapps","operationId":"GetItem","apiId":"/providers/Microsoft.PowerApps/apis/shared_commondataserviceforapps"},"parameters":{"entityName":"msdyn_candidates","recordId":"@triggerBody()?['candidateId']"},"authentication":"@parameters('$authentication')"}},"Send_Job_Offer_to_candidate_for_signature":{"runAfter":{"Get_Candidate":["Succeeded"]},"type":"OpenApiConnection","inputs":{"host":{"connectionName":"shared_adobesign","operationId":"CreateAgreementByTemplate","apiId":"/providers/Microsoft.PowerApps/apis/shared_adobesign"},"parameters":{"AgreementCreationInfoTemplate/documentCreationInfo/name":"Job Offer for @{outputs('Get_Candidate')?['body/msdyn_givenname']} @{outputs('Get_Candidate')?['body/msdyn_surname']}","AgreementCreationInfoTemplate/documentCreationInfo/fileInfos1/libraryDocumentId":"3AAABLblqZhD112_MAAsBj_6jNXWgeXZsCJfNWxmNuxbGfEIqYAEXOsbZhLj0wip5F-CQZl-Cl3zc336qCMepDqZ1qYlOv_27","AgreementCreationInfoTemplate/documentCreationInfo/signatureType":"E-Signature","AgreementCreationInfoTemplate/documentCreationInfo/recipientSetInfos1/recipientSetMemberInfos1/email":"@outputs('Get_Candidate')?['body/msdyn_emailprimary']","AgreementCreationInfoTemplate/documentCreationInfo/recipientSetInfos1/signingOrder":1,"AgreementCreationInfoTemplate/documentCreationInfo/recipientSetInfos1/recipientSetRole":"Signer","AgreementCreationInfoTemplate/documentCreationInfo/message":"We are pleased to send you this Job Offer proposal. If you agreed to this terms, please sign this document and then your onboarding will begin!","AgreementCreationInfoTemplate/documentCreationInfo/daysUntilSigningDeadline":10,"AgreementCreationInfoTemplate/documentCreationInfo/reminderFrequency":"DAILY_UNTIL_SIGNED","AgreementCreationInfoTemplate/documentCreationInfo/mergeFieldInfo1/fieldName":"Date","AgreementCreationInfoTemplate/documentCreationInfo/mergeFieldInfo1/defaultValue":"@formatDateTime(utcNow(), 'MM/dd/yyyy')","AgreementCreationInfoTemplate/documentCreationInfo/mergeFieldInfo2/fieldName":"Applicant Name","AgreementCreationInfoTemplate/documentCreationInfo/mergeFieldInfo2/defaultValue":"@{outputs('Get_Candidate')?['body/msdyn_givenname']} @{outputs('Get_Candidate')?['body/msdyn_surname']}","AgreementCreationInfoTemplate/documentCreationInfo/mergeFieldInfo3/fieldName":"Applicant Address Line 1","AgreementCreationInfoTemplate/documentCreationInfo/mergeFieldInfo3/defaultValue":"2269 Frontenac Street","AgreementCreationInfoTemplate/documentCreationInfo/mergeFieldInfo4/fieldName":"Applicant Address Line 2","AgreementCreationInfoTemplate/documentCreationInfo/mergeFieldInfo4/defaultValue":"Montreal, QC H2K 2Z8","AgreementCreationInfoTemplate/documentCreationInfo/mergeFieldInfo5/fieldName":"Job Title","AgreementCreationInfoTemplate/documentCreationInfo/mergeFieldInfo5/defaultValue":"Test Pilot","AgreementCreationInfoTemplate/documentCreationInfo/mergeFieldInfo6/fieldName":"Manager","AgreementCreationInfoTemplate/documentCreationInfo/mergeFieldInfo6/defaultValue":"Morgane Smith","AgreementCreationInfoTemplate/documentCreationInfo/mergeFieldInfo7/fieldName":"Start Date","AgreementCreationInfoTemplate/documentCreationInfo/mergeFieldInfo7/defaultValue":"03/02/2020","AgreementCreationInfoTemplate/documentCreationInfo/mergeFieldInfo8/fieldName":"Salary","AgreementCreationInfoTemplate/documentCreationInfo/mergeFieldInfo8/defaultValue":"$100,000.00 USD","AgreementCreationInfoTemplate/documentCreationInfo/mergeFieldInfo9/fieldName":"Offer Expiration Date","AgreementCreationInfoTemplate/documentCreationInfo/mergeFieldInfo9/defaultValue":"@formatDateTime(addDays(utcNow(), 10), 'MM/dd/yyyy')"},"authentication":"@parameters('$authentication')"}},"Update_Candidate":{"runAfter":{"Send_Job_Offer_to_candidate_for_signature":["Succeeded"]},"type":"OpenApiConnection","inputs":{"host":{"connectionName":"shared_commondataserviceforapps","operationId":"UpdateRecord","apiId":"/providers/Microsoft.PowerApps/apis/shared_commondataserviceforapps"},"parameters":{"entityName":"msdyn_candidates","recordId":"@triggerBody()?['candidateId']","item/crc46_jobofferagreementid":"@outputs('Send_Job_Offer_to_candidate_for_signature')?['body/agreementId']","item/crc46_joboffersent":true},"authentication":"@parameters('$authentication')"}},"Get_Applications_associated_to_Candidate":{"runAfter":{"Update_Candidate":["Succeeded"]},"type":"OpenApiConnection","inputs":{"host":{"connectionName":"shared_commondataserviceforapps","operationId":"ListRecords","apiId":"/providers/Microsoft.PowerApps/apis/shared_commondataserviceforapps"},"parameters":{"entityName":"msdyn_jobapplications","$select":"msdyn_jobapplicationid","$filter":"_msdyn_candidateid_value eq '@{triggerBody()?['candidateId']}'"},"authentication":"@parameters('$authentication')"},"runtimeConfiguration":{"paginationPolicy":{"minimumItemCount":2000}}},"Update_first_Application_found_for_the_Candidate":{"runAfter":{"Get_Applications_associated_to_Candidate":["Succeeded"]},"type":"OpenApiConnection","inputs":{"host":{"connectionName":"shared_commondataserviceforapps","operationId":"UpdateRecord","apiId":"/providers/Microsoft.PowerApps/apis/shared_commondataserviceforapps"},"parameters":{"entityName":"msdyn_jobapplications","recordId":"@first(outputs('Get_Applications_associated_to_Candidate')?['body/value'])?['msdyn_jobapplicationid']","item/msdyn_jobapplicationstatusreason":1},"authentication":"@parameters('$authentication')"}}},"runAfter":{},"type":"Scope"}},"outputs":{}}},"schemaVersion":"1.0.0.0"}