{"properties":{"connectionReferences":{"shared_commondataserviceforapps":{"impersonation":{},"runtimeSource":"embedded","connection":{},"api":{"name":"shared_commondataserviceforapps"}}},"definition":{"$schema":"https://schema.management.azure.com/providers/Microsoft.Logic/schemas/2016-06-01/workflowdefinition.json#","contentVersion":"1.0.0.0","parameters":{"$connections":{"defaultValue":{},"type":"Object"},"$authentication":{"defaultValue":{},"type":"SecureObject"}},"triggers":{"manual":{"type":"Request","kind":"Http","inputs":{"schema":{"type":"object","properties":{"respondersEmail":{"type":"string"},"laptop":{"type":"string"},"mobilePhone":{"type":"string"},"preferredCommunicationChannel":{"type":"string"},"coffeeOrTea":{"type":"string"}}},"method":"POST"}}},"actions":{"Search_Workers_with_the_Primary_email":{"runAfter":{"\"Coffee_or_Tea\"_variable_initialization":["Succeeded"]},"type":"OpenApiConnection","inputs":{"host":{"apiId":"/providers/Microsoft.PowerApps/apis/shared_commondataserviceforapps","connectionName":"shared_commondataserviceforapps","operationId":"ListRecords"},"parameters":{"entityName":"cdm_workers","$filter":"cdm_primaryemailaddress eq '@{triggerBody()?['respondersEmail']}'"},"authentication":"@parameters('$authentication')"},"runtimeConfiguration":{"paginationPolicy":{"minimumItemCount":2000}}},"Response":{"runAfter":{"Create_Onboarding_Task_for_Mobile_Phone_Configuration":["Succeeded"]},"type":"Response","kind":"Http","inputs":{"statusCode":200,"body":{"actionsPostSurveyResponse":"OK"},"schema":{"type":"object","properties":{"actionsPostSurveyResponse":{"type":"string"}}}}},"Search_Worker_Onboarding_records_associated_to_first_Worker_found":{"runAfter":{"Search_Workers_with_the_Primary_email":["Succeeded"]},"type":"OpenApiConnection","inputs":{"host":{"apiId":"/providers/Microsoft.PowerApps/apis/shared_commondataserviceforapps","connectionName":"shared_commondataserviceforapps","operationId":"ListRecords"},"parameters":{"entityName":"crc46_workeronboardings","$filter":"_crc46_worker_value eq '@{first(outputs('Search_Workers_with_the_Primary_email')?['body/value'])?['cdm_workerid']}'"},"authentication":"@parameters('$authentication')"},"runtimeConfiguration":{"paginationPolicy":{"minimumItemCount":2000}}},"Create_Onboarding_Task_for_Laptop_Configuration":{"runAfter":{"Laptop_response_management":["Succeeded"]},"type":"OpenApiConnection","inputs":{"host":{"apiId":"/providers/Microsoft.PowerApps/apis/shared_commondataserviceforapps","connectionName":"shared_commondataserviceforapps","operationId":"CreateRecord"},"parameters":{"entityName":"crc46_onboardingtasks","item/subject":"Laptop Configuration for @{first(outputs('Search_Workers_with_the_Primary_email')?['body/value'])?['cdm_fullname']}","item/crc46_type":928310000,"item/description":"@triggerBody()?['laptop']","item/scheduledend":"@addDays(first(outputs('Search_Worker_Onboarding_records_associated_to_first_Worker_found')?['body/value'])?['crc46_startdate'], -5)","item/crc46_laptopcategory":"@variables('laptopCategoryCode')","item/prioritycode":2,"item/crc46_uerprofile":928310004,"item/crc46_workerselection":true,"item/regardingobjectid_crc46_workeronboarding_crc46_onboardingtask@odata.bind":"/crc46_workeronboardings(@{first(outputs('Search_Worker_Onboarding_records_associated_to_first_Worker_found')?['body/value'])?['crc46_workeronboardingid']})"},"authentication":"@parameters('$authentication')"}},"Laptop_response_management":{"runAfter":{"Update_Worker_Onboarding_record":["Succeeded"]},"cases":{"Windows":{"case":"Windows","actions":{"\"Laptop_Category_Code\"_variable_set_to_Windows_Medium":{"runAfter":{},"type":"SetVariable","inputs":{"name":"laptopCategoryCode","value":928310001}}}},"Mac":{"case":"Mac","actions":{"\"Laptop_Category_Code\"_variable_set_to_Mac_Medium":{"runAfter":{},"type":"SetVariable","inputs":{"name":"laptopCategoryCode","value":928310004}}}},"Linux":{"case":"Linux","actions":{"\"Laptop_Category_Code\"_variable_set_to_Linux_Medium":{"runAfter":{},"type":"SetVariable","inputs":{"name":"laptopCategoryCode","value":928310007}}}}},"default":{"actions":{}},"expression":"@triggerBody()?['laptop']","type":"Switch"},"\"Laptop_Category_Code\"_variable_initialization":{"runAfter":{},"type":"InitializeVariable","inputs":{"variables":[{"name":"laptopCategoryCode","type":"Integer"}]}},"Mobile_Phone_Response_management":{"runAfter":{"Create_Onboarding_Task_for_Laptop_Configuration":["Succeeded"]},"cases":{"iPhone":{"case":"iPhone","actions":{"\"Mobile_Phone_Category_Code\"_variable_set_to_iPhone":{"runAfter":{},"type":"SetVariable","inputs":{"name":"mobilePhoneCategoryCode","value":928310000}}}},"Samsung":{"case":"Samsung","actions":{"\"Mobile_Phone_Category_Code\"_variable_set_to_Samsung":{"runAfter":{},"type":"SetVariable","inputs":{"name":"mobilePhoneCategoryCode","value":928310001}}}},"Google_Pixel":{"case":"Google Pixel","actions":{"\"Mobile_Phone_Category_Code\"_variable_set_to_Google_Pixel":{"runAfter":{},"type":"SetVariable","inputs":{"name":"mobilePhoneCategoryCode","value":928310003}}}}},"default":{"actions":{}},"expression":"@triggerBody()?['mobilePhone']","type":"Switch"},"\"Mobile_Phone_Category_Code\"_variable_initialization":{"runAfter":{"\"Laptop_Category_Code\"_variable_initialization":["Succeeded"]},"type":"InitializeVariable","inputs":{"variables":[{"name":"mobilePhoneCategoryCode","type":"Integer"}]}},"Create_Onboarding_Task_for_Mobile_Phone_Configuration":{"runAfter":{"Mobile_Phone_Response_management":["Succeeded"]},"type":"OpenApiConnection","inputs":{"host":{"apiId":"/providers/Microsoft.PowerApps/apis/shared_commondataserviceforapps","connectionName":"shared_commondataserviceforapps","operationId":"CreateRecord"},"parameters":{"entityName":"crc46_onboardingtasks","item/subject":"Mobile Phone Configuration for @{first(outputs('Search_Workers_with_the_Primary_email')?['body/value'])?['cdm_fullname']}","item/crc46_type":928310001,"item/description":"@triggerBody()?['mobilePhone']","item/scheduledend":"@addDays(first(outputs('Search_Worker_Onboarding_records_associated_to_first_Worker_found')?['body/value'])?['crc46_startdate'], -5)","item/crc46_mobilephonecategory":"@variables('mobilePhoneCategoryCode')","item/prioritycode":2,"item/crc46_uerprofile":928310004,"item/crc46_workerselection":true,"item/regardingobjectid_crc46_workeronboarding_crc46_onboardingtask@odata.bind":"/crc46_workeronboardings(@{first(outputs('Search_Worker_Onboarding_records_associated_to_first_Worker_found')?['body/value'])?['crc46_workeronboardingid']})"},"authentication":"@parameters('$authentication')"}},"Update_Worker_Onboarding_record":{"runAfter":{"If_responder_prefer_Tea_update_variable":["Succeeded"]},"type":"OpenApiConnection","inputs":{"host":{"apiId":"/providers/Microsoft.PowerApps/apis/shared_commondataserviceforapps","connectionName":"shared_commondataserviceforapps","operationId":"UpdateRecord"},"parameters":{"entityName":"crc46_workeronboardings","recordId":"@first(outputs('Search_Worker_Onboarding_records_associated_to_first_Worker_found')?['body/value'])?['crc46_workeronboardingid']","item/crc46_coffeeortea":"@variables('coffeeOrTea')","item/crc46_communicationchannel":"@variables('preferredCommunicationChannel')","item/crc46_onboardingsurveyanswered":true},"authentication":"@parameters('$authentication')"}},"\"Preferred_Communication_Channel\"_variable_initialization":{"runAfter":{"\"Mobile_Phone_Category_Code\"_variable_initialization":["Succeeded"]},"type":"InitializeVariable","inputs":{"variables":[{"name":"preferredCommunicationChannel","type":"Boolean","value":"@true"}]}},"\"Coffee_or_Tea\"_variable_initialization":{"runAfter":{"\"Preferred_Communication_Channel\"_variable_initialization":["Succeeded"]},"type":"InitializeVariable","inputs":{"variables":[{"name":"coffeeOrTea","type":"Boolean","value":"@true"}]}},"If_Preferred_Communication_Channel_selected_is_Outlook_update_variable":{"actions":{"Set_\"Preferred_Communication_Channel\"_variable_to_\"Outlook\"":{"runAfter":{},"type":"SetVariable","inputs":{"name":"preferredCommunicationChannel","value":"@false"}}},"runAfter":{"Search_Worker_Onboarding_records_associated_to_first_Worker_found":["Succeeded"]},"expression":{"equals":["@triggerBody()?['preferredCommunicationChannel']","Outlook"]},"type":"If"},"If_responder_prefer_Tea_update_variable":{"actions":{"Set_\"Coffee_or_Tea\"_variable_to_\"Tea\"":{"runAfter":{},"type":"SetVariable","inputs":{"name":"coffeeOrTea","value":"@false"}}},"runAfter":{"If_Preferred_Communication_Channel_selected_is_Outlook_update_variable":["Succeeded"]},"expression":{"equals":["@triggerBody()?['coffeeOrTea']","Tea"]},"type":"If"}},"outputs":{}}},"schemaVersion":"1.0.0.0"}