{"properties":{"connectionReferences":{"shared_commondataserviceforapps":{"runtimeSource":"embedded","connection":{},"api":{"name":"shared_commondataserviceforapps"}}},"definition":{"$schema":"https://schema.management.azure.com/providers/Microsoft.Logic/schemas/2016-06-01/workflowdefinition.json#","contentVersion":"1.0.0.0","parameters":{"$connections":{"defaultValue":{},"type":"Object"},"$authentication":{"defaultValue":{},"type":"SecureObject"}},"triggers":{"When_a_record_is_created,_updated_or_deleted":{"type":"OpenApiConnectionWebhook","inputs":{"host":{"connectionName":"shared_commondataserviceforapps","operationId":"SubscribeWebhookTrigger","apiId":"/providers/Microsoft.PowerApps/apis/shared_commondataserviceforapps"},"parameters":{"subscriptionRequest/message":1,"subscriptionRequest/entityname":"cdm_worker","subscriptionRequest/scope":4},"authentication":"@parameters('$authentication')"}}},"actions":{"Get_Position_Worker_Assignments":{"runAfter":{"Delay":["Succeeded"]},"type":"OpenApiConnection","inputs":{"host":{"connectionName":"shared_commondataserviceforapps","operationId":"ListRecords","apiId":"/providers/Microsoft.PowerApps/apis/shared_commondataserviceforapps"},"parameters":{"entityName":"cdm_positionworkerassignmentmaps","$select":"cdm_validfrom, _cdm_jobpositionid_value","$filter":"_cdm_workerid_value eq '@{triggerOutputs()?['body/cdm_workerid']}'"},"authentication":"@parameters('$authentication')"},"runtimeConfiguration":{"paginationPolicy":{"minimumItemCount":2000}}},"Get_Worker_Position":{"runAfter":{"Get_Position_Worker_Assignments":["Succeeded"]},"type":"OpenApiConnection","inputs":{"host":{"connectionName":"shared_commondataserviceforapps","operationId":"GetItem","apiId":"/providers/Microsoft.PowerApps/apis/shared_commondataserviceforapps"},"parameters":{"entityName":"cdm_jobpositions","recordId":"@first(outputs('Get_Position_Worker_Assignments')?['body/value'])?['_cdm_jobpositionid_value']","$select":"cdm_description, _cdm_parentjobpositionid_value"},"authentication":"@parameters('$authentication')"}},"Get_Position_Worker_Assignments_for_the_Parent_Position":{"runAfter":{"Get_Worker_Position":["Succeeded"]},"type":"OpenApiConnection","inputs":{"host":{"connectionName":"shared_commondataserviceforapps","operationId":"ListRecords","apiId":"/providers/Microsoft.PowerApps/apis/shared_commondataserviceforapps"},"parameters":{"entityName":"cdm_positionworkerassignmentmaps","$select":"_cdm_workerid_value, cdm_validfrom, cdm_validto","$filter":"_cdm_jobpositionid_value eq '@{outputs('Get_Worker_Position')?['body/_cdm_parentjobpositionid_value']}'"},"authentication":"@parameters('$authentication')"},"runtimeConfiguration":{"paginationPolicy":{"minimumItemCount":2000}}},"Create_Worker_Onboarding_record":{"runAfter":{"Get_Position_Worker_Assignments_for_the_Parent_Position":["Succeeded"]},"type":"OpenApiConnection","inputs":{"host":{"connectionName":"shared_commondataserviceforapps","operationId":"CreateRecord","apiId":"/providers/Microsoft.PowerApps/apis/shared_commondataserviceforapps"},"parameters":{"entityName":"crc46_workeronboardings","item/crc46_jobtitle":"@outputs('Get_Worker_Position')?['body/cdm_description']","item/crc46_manager@odata.bind":"/cdm_workers(@{first(outputs('Get_Position_Worker_Assignments_for_the_Parent_Position')?['body/value'])?['_cdm_workerid_value']})","item/crc46_name":"@{triggerOutputs()?['body/cdm_firstname']} @{triggerOutputs()?['body/cdm_lastname']} - @{formatDateTime(utcNow(), 'MM/dd/yyyy')}","item/crc46_startdate":"@first(outputs('Get_Position_Worker_Assignments')?['body/value'])?['cdm_validfrom']","item/crc46_Worker@odata.bind":"/cdm_workers(@{triggerOutputs()?['body/cdm_workerid']})"},"authentication":"@parameters('$authentication')"}},"Delay":{"runAfter":{},"type":"Wait","inputs":{"interval":{"count":1,"unit":"Minute"}}}},"outputs":{}}},"schemaVersion":"1.0.0.0"}