{"properties":{"connectionReferences":{"shared_commondataserviceforapps":{"impersonation":{},"runtimeSource":"embedded","connection":{},"api":{"name":"shared_commondataserviceforapps"}}},"definition":{"$schema":"https://schema.management.azure.com/providers/Microsoft.Logic/schemas/2016-06-01/workflowdefinition.json#","contentVersion":"1.0.0.0","parameters":{"$connections":{"defaultValue":{},"type":"Object"},"$authentication":{"defaultValue":{},"type":"SecureObject"}},"triggers":{"When_a_record_is_created,_updated_or_deleted":{"type":"OpenApiConnectionWebhook","inputs":{"host":{"apiId":"/providers/Microsoft.PowerApps/apis/shared_commondataserviceforapps","connectionName":"shared_commondataserviceforapps","operationId":"SubscribeWebhookTrigger"},"parameters":{"subscriptionRequest/message":3,"subscriptionRequest/entityname":"crc46_workeronboarding","subscriptionRequest/scope":4,"subscriptionRequest/filteringattributes":"statuscode","subscriptionRequest/name":"e0e70cb4-8050-ea11-a812-000d3a8c9f3b"},"authentication":"@parameters('$authentication')"}}},"actions":{"Call_to_\"Send_Onboarding_Survey\"_service":{"runAfter":{"Create_Onboarding_Task_for_Welcome_Package_Preparation":["Succeeded"]},"type":"Http","inputs":{"method":"POST","uri":"https://prod-27.canadacentral.logic.azure.com:443/workflows/69e7e1dcfb9d4caaa3fcce5cc09d45c9/triggers/manual/paths/invoke?api-version=2016-06-01&sp=%2Ftriggers%2Fmanual%2Frun&sv=1.0&sig=9hWAfxink9fcTJskrikczplx272o3JbBCEzBSlEsxT8","body":{"recipientEmailAddress":"@{outputs('Get_Worker')?['body/cdm_primaryemailaddress']}","recipientFirstName":"@{outputs('Get_Worker')?['body/cdm_firstname']}"}},"description":"Service on the \"MissionToSpace\" environment"},"If_status_set_to_\"In_Preparation\",_we_continue":{"actions":{},"runAfter":{},"else":{"actions":{"Nothing_to_do":{"runAfter":{},"type":"Terminate","inputs":{"runStatus":"Cancelled"}}}},"expression":{"equals":["@triggerOutputs()?['body/statuscode']",928310000]},"type":"If"},"Create_Onboarding_Task_for_User_Access_Configuration":{"runAfter":{"Get_Worker":["Succeeded"]},"type":"OpenApiConnection","inputs":{"host":{"apiId":"/providers/Microsoft.PowerApps/apis/shared_commondataserviceforapps","connectionName":"shared_commondataserviceforapps","operationId":"CreateRecord"},"parameters":{"entityName":"crc46_onboardingtasks","item/subject":"User Access Configuration for @{outputs('Get_Worker')?['body/cdm_fullname']}","item/crc46_type":928310003,"item/scheduledend":"@addDays(triggerOutputs()?['body/crc46_startdate'], -5)","item/prioritycode":2,"item/crc46_uerprofile":928310004,"item/crc46_workerselection":false,"item/regardingobjectid_crc46_workeronboarding_crc46_onboardingtask@odata.bind":"/crc46_workeronboardings(@{triggerOutputs()?['body/crc46_workeronboardingid']})"},"authentication":"@parameters('$authentication')"}},"Get_Worker":{"runAfter":{"If_status_set_to_\"In_Preparation\",_we_continue":["Succeeded"]},"type":"OpenApiConnection","inputs":{"host":{"apiId":"/providers/Microsoft.PowerApps/apis/shared_commondataserviceforapps","connectionName":"shared_commondataserviceforapps","operationId":"GetItem"},"parameters":{"entityName":"cdm_workers","recordId":"@triggerOutputs()?['body/_crc46_worker_value']"},"authentication":"@parameters('$authentication')"}},"Create_Onboarding_Task_for_Welcome_Package_Preparation":{"runAfter":{"Create_Onboarding_Task_for_User_Access_Configuration":["Succeeded"]},"type":"OpenApiConnection","inputs":{"host":{"apiId":"/providers/Microsoft.PowerApps/apis/shared_commondataserviceforapps","connectionName":"shared_commondataserviceforapps","operationId":"CreateRecord"},"parameters":{"entityName":"crc46_onboardingtasks","item/subject":"Welcome Package Preparation for @{outputs('Get_Worker')?['body/cdm_fullname']}","item/crc46_type":928310004,"item/description":"Usual welcome package","item/scheduledend":"@addDays(triggerOutputs()?['body/crc46_startdate'], -5)","item/prioritycode":1,"item/crc46_workerselection":false,"item/regardingobjectid_crc46_workeronboarding_crc46_onboardingtask@odata.bind":"/crc46_workeronboardings(@{triggerOutputs()?['body/crc46_workeronboardingid']})"},"authentication":"@parameters('$authentication')"}},"Update_Worker_Onboarding_record":{"runAfter":{"Call_to_\"Send_Onboarding_Survey\"_service":["Succeeded"]},"type":"OpenApiConnection","inputs":{"host":{"apiId":"/providers/Microsoft.PowerApps/apis/shared_commondataserviceforapps","connectionName":"shared_commondataserviceforapps","operationId":"UpdateRecord"},"parameters":{"entityName":"crc46_workeronboardings","recordId":"@triggerOutputs()?['body/crc46_workeronboardingid']","item/crc46_onboardingsurveysent":true},"authentication":"@parameters('$authentication')"}}},"outputs":{}}},"schemaVersion":"1.0.0.0"}