<appaction uniquename="rpo_CreateContact2!bfc969eeb55d4405856f32c301c6022f!rpo_AppOperationalizationSuccessDemo!contact!1">
  <appmoduleid>
    <uniquename>rpo_AppOperationalizationSuccessDemo</uniquename>
  </appmoduleid>
  <buttonaccessibilitytext default="Create Contact 2">
    <label description="Create Contact 2" languagecode="1033" />
  </buttonaccessibilitytext>
  <buttonlabeltext default="Create Contact 2">
    <label description="Create Contact 2" languagecode="1033" />
  </buttonlabeltext>
  <buttonsequencepriority>7.5000000000</buttonsequencepriority>
  <buttontooltiptitle default="Create Contact 2">
    <label description="Create Contact 2" languagecode="1033" />
  </buttontooltiptitle>
  <context>1</context>
  <contextentity>
    <logicalname>contact</logicalname>
  </contextentity>
  <contextvalue>contact</contextvalue>
  <fonticon>$clientsvg:Add</fonticon>
  <hidden>0</hidden>
  <iscustomizable>1</iscustomizable>
  <location>1</location>
  <name>CreateContact2!bfc969eeb55d4405856f32c301c6022f</name>
  <onclickeventformulacomponentlibrary>67fc6247-72a7-4290-a4df-705be0ba26cd</onclickeventformulacomponentlibrary>
  <onclickeventformulacomponentlibraryid>
    <name>rpo_appoperationalizationsuccessdemodefaultcommandlibrary_92fd9</name>
  </onclickeventformulacomponentlibraryid>
  <onclickeventformulacomponentname>6e244117fd394cd48a9b1dc834bcac8d</onclickeventformulacomponentname>
  <onclickeventformulafunctionname>OnSelect</onclickeventformulafunctionname>
  <onclickeventtype>1</onclickeventtype>
  <statecode>0</statecode>
  <statuscode>1</statuscode>
  <type>0</type>
</appaction>