{"name":"93013979-b79c-42bf-a5ed-df9415e043d2","id":"/providers/Microsoft.Flow/flows/93013979-b79c-42bf-a5ed-df9415e043d2","type":"Microsoft.Flow/flows","properties":{"apiId":"/providers/Microsoft.PowerApps/apis/shared_logicflows","displayName":"Get Onboarding Feedbacks","definition":{"metadata":{"workflowEntityId":null,"creator":{"id":"bb45ef45-812c-4ac3-b266-d46eef45ac1a","type":"User","tenantId":"5cd7da1e-ddfb-415e-adce-8f00a11f5e49"},"provisioningMethod":"FromDefinition","failureAlertSubscription":true,"clientLastModifiedTime":"2020-02-19T02:23:55.4395401Z"},"$schema":"https://schema.management.azure.com/providers/Microsoft.Logic/schemas/2016-06-01/workflowdefinition.json#","contentVersion":"1.0.0.0","parameters":{"$connections":{"defaultValue":{},"type":"Object"},"$authentication":{"defaultValue":{},"type":"SecureObject"}},"triggers":{"manual":{"splitOn":"@triggerBody()['rows']","type":"Request","kind":"ApiConnection","inputs":{"schema":{"type":"object","properties":{"rows":{"type":"array","items":{"type":"object","properties":{"entity":{"type":"object","properties":{"_crc46_worker_value":{"title":"Worker","type":"string","format":"guid"},"crc46_workeronboardingid":{"title":"Worker Onboarding","type":"string","format":"guid"},"crc46_jobtitle":{"title":"Job Title","type":"string"},"statuscode":{"title":"Status Reason Value","type":"integer","format":"int32"}},"required":["_crc46_worker_value","crc46_workeronboardingid"]}},"required":["entity"]}}},"required":["rows"]},"host":{"connection":{"name":"@parameters('$connections')['shared_commondataservice']['connectionId']"},"api":{"runtimeUrl":"https://unitedstates-002.azure-apim.net/apim/commondataservice"}},"operationId":"GetOnNewItems_V2","parameters":{"dataset":"default.cds","table":"crc46_workeronboardings"}}}},"actions":{"Adaptive_Card_default_code":{"runAfter":{"If_Worker_Onboarding_status_is_\"In_Progress\",_we_continue":["Succeeded"]},"type":"Compose","inputs":{"type":"AdaptiveCard","version":"1.0","body":[{"type":"RichTextBlock","inlines":[{"type":"TextRun","text":"Your onboarding process is ending and we would like to know how you found it. Please, answer to the few questions below. And do not worry your feedbacks will remain anonymous ;)"}],"horizontalAlignment":"Center"},{"type":"TextBlock","text":"What is your profile?","spacing":"Large","weight":"Bolder","separator":true},{"type":"Input.ChoiceSet","placeholder":"Placeholder text","choices":[{"title":"Engineer","value":"928310000"},{"title":"Sales","value":"928310001"},{"title":"Administration","value":"928310002"},{"title":"Direction","value":"928310003"},{"title":"Pilot","value":"928310004"}],"style":"expanded","id":"Profile"},{"type":"TextBlock","text":"Onboarding Global Rating","weight":"Bolder","spacing":"Medium"},{"type":"Input.ChoiceSet","placeholder":"Placeholder text","choices":[{"title":"Very bad","value":"928310000"},{"title":"Bad","value":"928310001"},{"title":"Acceptable","value":"928310002"},{"title":"Good","value":"928310003"},{"title":"Really good","value":"928310004"},{"title":"Without opinion","value":"928310005"}],"style":"expanded","id":"OnboardingGlobalRating"},{"type":"TextBlock","text":"Manager Rating","weight":"Bolder","spacing":"Medium"},{"type":"Input.ChoiceSet","placeholder":"Placeholder text","choices":[{"title":"Very bad","value":"928310000"},{"title":"Bad","value":"928310001"},{"title":"Acceptable","value":"928310002"},{"title":"Good","value":"928310003"},{"title":"Really good","value":"928310004"},{"title":"Without opinion","value":"928310005"}],"style":"expanded","id":"ManagerRating"},{"type":"TextBlock","text":"Mentor Rating","weight":"Bolder","spacing":"Medium"},{"type":"Input.ChoiceSet","placeholder":"Placeholder text","choices":[{"title":"Very bad","value":"928310000"},{"title":"Bad","value":"928310001"},{"title":"Acceptable","value":"928310002"},{"title":"Good","value":"928310003"},{"title":"Really good","value":"928310004"},{"title":"Without opinion","value":"928310005"}],"style":"expanded","id":"MentorRating"},{"type":"RichTextBlock","inlines":[{"type":"TextRun","text":"If you have some ideas about how we can improve the onboarding process, or if you want to say something else, you can put them here."}],"horizontalAlignment":"Left","separator":true,"spacing":"Medium"},{"type":"Input.Text","placeholder":"Put more detail feedbacks here if you want","maxLength":1000,"isMultiline":true,"id":"MoreDetails"}],"actions":[{"type":"Action.Submit","title":"Submit"}],"$schema":"http://adaptivecards.io/schemas/adaptive-card.json"}},"Get_Worker":{"runAfter":{"Adaptive_Card_default_code":["Succeeded"]},"type":"OpenApiConnection","inputs":{"host":{"apiId":"/providers/Microsoft.PowerApps/apis/shared_commondataservice","connectionName":"shared_commondataservice","operationId":"GetItem_V2"},"parameters":{"dataset":"org6149b167.crm","table":"cdm_workers","id":"@triggerBody()?['entity']?['_crc46_worker_value']"},"authentication":{"value":"@json(decodeBase64(triggerOutputs().headers['X-MS-APIM-Tokens']))['$ConnectionKey']","type":"Raw"}}},"Onboarding_Feedbacks_adaptive_card":{"runAfter":{"Set_Worker_Onboarding_status_to_\"In_Review\"":["Succeeded"]},"type":"OpenApiConnectionWebhook","inputs":{"host":{"apiId":"/providers/Microsoft.PowerApps/apis/shared_teams","connectionName":"shared_teams","operationId":"SubscribeUserFlowContinuation"},"parameters":{"UserFlowContinuationSubscriptionRequest/body/recipient/to":"@{outputs('Get_Worker')?['body/cdm_primaryemailaddress']};","UserFlowContinuationSubscriptionRequest/body/messageBody":"@outputs('Adaptive_Card_default_code')","UserFlowContinuationSubscriptionRequest/body/updateMessage":"Thank you very much for your feedbacks on your onboarding journey and have a nice day!","UserFlowContinuationSubscriptionRequest/body/shouldUpdateCard":true,"UserFlowContinuationSubscriptionRequest/body/recipient/summary":"Onboarding Feedbacks Survey","UserFlowContinuationSubscriptionRequest/body/recipient/isAlert":true},"authentication":{"value":"@json(decodeBase64(triggerOutputs().headers['X-MS-APIM-Tokens']))['$ConnectionKey']","type":"Raw"}}},"Set_Worker_Onboarding_status_to_\"In_Review\"":{"runAfter":{"Get_Worker":["Succeeded"]},"type":"OpenApiConnection","inputs":{"host":{"apiId":"/providers/Microsoft.PowerApps/apis/shared_commondataservice","connectionName":"shared_commondataservice","operationId":"PatchItem_V2"},"parameters":{"dataset":"org6149b167.crm","table":"crc46_workeronboardings","id":"@triggerBody()?['entity']?['crc46_workeronboardingid']","item/statuscode":928310002,"item/_ownerid_type":""},"authentication":{"value":"@json(decodeBase64(triggerOutputs().headers['X-MS-APIM-Tokens']))['$ConnectionKey']","type":"Raw"}}},"Set_Worker_Onboarding_status_to_\"Completed\"":{"runAfter":{"Onboarding_Feedbacks_adaptive_card":["Succeeded"]},"type":"OpenApiConnection","inputs":{"host":{"apiId":"/providers/Microsoft.PowerApps/apis/shared_commondataservice","connectionName":"shared_commondataservice","operationId":"PatchItem_V2"},"parameters":{"dataset":"org6149b167.crm","table":"crc46_workeronboardings","id":"@triggerBody()?['entity']?['crc46_workeronboardingid']","item/crc46_jobtitle":"@outputs('Get_Worker')?['body/cdm_primaryemailaddress']","item/statuscode":928310004,"item/statecode":1,"item/_ownerid_type":""},"authentication":{"value":"@json(decodeBase64(triggerOutputs().headers['X-MS-APIM-Tokens']))['$ConnectionKey']","type":"Raw"}}},"Create_Onboarding_Feedback_record":{"runAfter":{"Set_Worker_Onboarding_status_to_\"Completed\"":["Succeeded"]},"type":"OpenApiConnection","inputs":{"host":{"apiId":"/providers/Microsoft.PowerApps/apis/shared_commondataservice","connectionName":"shared_commondataservice","operationId":"PostItem_V2"},"parameters":{"dataset":"org6149b167.crm","table":"crc46_onboardingfeedbacks","item/crc46_name":"@outputs('Onboarding_Feedbacks_adaptive_card')?['body']?['responseTime']","item/crc46_complementarynotes":"@outputs('Onboarding_Feedbacks_adaptive_card')?['body']?['data']?['MoreDetails']","item/crc46_managerrating":"@int(outputs('Onboarding_Feedbacks_adaptive_card')?['body']?['data']?['ManagerRating'])","item/crc46_mentorrating":"@int(outputs('Onboarding_Feedbacks_adaptive_card')?['body']?['data']?['MentorRating'])","item/crc46_onboardingglobalrating":"@int(outputs('Onboarding_Feedbacks_adaptive_card')?['body']?['data']?['OnboardingGlobalRating'])","item/crc46_profile":"@int(outputs('Onboarding_Feedbacks_adaptive_card')?['body']?['data']?['Profile'])","item/_ownerid_type":""},"authentication":{"value":"@json(decodeBase64(triggerOutputs().headers['X-MS-APIM-Tokens']))['$ConnectionKey']","type":"Raw"}}},"If_Worker_Onboarding_status_is_\"In_Progress\",_we_continue":{"actions":{},"runAfter":{"Get_Worker_Onboarding":["Succeeded"]},"else":{"actions":{"Terminate":{"runAfter":{},"type":"Terminate","inputs":{"runStatus":"Cancelled"}}}},"expression":{"equals":["@outputs('Get_Worker_Onboarding')?['body/statuscode']",928310001]},"type":"If"},"Get_Worker_Onboarding":{"runAfter":{},"type":"OpenApiConnection","inputs":{"host":{"apiId":"/providers/Microsoft.PowerApps/apis/shared_commondataservice","connectionName":"shared_commondataservice","operationId":"GetItem_V2"},"parameters":{"dataset":"org6149b167.crm","table":"crc46_workeronboardings","id":"@triggerBody()?['entity']?['crc46_workeronboardingid']"},"authentication":{"value":"@json(decodeBase64(triggerOutputs().headers['X-MS-APIM-Tokens']))['$ConnectionKey']","type":"Raw"}}}},"outputs":{}},"connectionReferences":{"shared_commondataservice":{"connectionName":"66f11c2f97b6410ea69c9a42ebd7cce5","source":"Invoker","id":"/providers/Microsoft.PowerApps/apis/shared_commondataservice","tier":"NotSpecified"},"shared_teams":{"connectionName":"shared-teams-f011b0c3-d542-4879-a3d4-ac52caefe3f0","source":"Invoker","id":"/providers/Microsoft.PowerApps/apis/shared_teams","tier":"NotSpecified"}},"flowFailureAlertSubscribed":false}}