{"schemaVersion":"SELEN_20191031","properties":{"definition":{"id":"f98e2322-df69-1fb4-9917-1206a35974f2","version":"2.0","name":"Leave Request Details Sync to CDS","url":"https://aos-rts-sf-cac8deb39f9-prod-centralus.hr.talent.dynamics.com/namespaces/6de1486c-5d35-4e03-a705-3872e9d0e52e/?cmp=USMF&mi=CDSIntegrationAdministration","tests":[{"id":"c9db6a81-4218-42ee-b1fc-67b6a829be48","name":"Leave Request Details Sync to CDS","commands":[{"id":"e956a2fa-6cf7-4936-96f9-e2aa8aade3c5","comment":"","command":"open","target":"${d365hrUrl}","targets":[],"value":""},{"id":"9280fcd6-1121-4092-a10f-34d03c118209","comment":"","command":"setWindowSize","target":"1504x972","targets":[],"value":""},{"id":"1334f29f-c64b-4e87-aa61-115c6650b0c1","comment":"","command":"click","target":"id=i0116","targets":[["id=i0116","id"],["name=loginfmt","name"],["css=#i0116","css:finder"],["xpath=//input[@id='i0116']","xpath:attributes"],["xpath=//form[@id='i0281']/div/div/div/div[2]/div[2]/div/div/div/div[2]/div[2]/div/input","xpath:idRelative"],["xpath=//input","xpath:position"]],"value":""},{"id":"a2b6f6f6-c0fb-4475-b430-d8f6794b7b01","comment":"","command":"type","target":"id=i0116","targets":[["id=i0116","id"],["name=loginfmt","name"],["css=#i0116","css:finder"],["xpath=//input[@id='i0116']","xpath:attributes"],["xpath=//form[@id='i0281']/div/div/div/div[2]/div[2]/div/div/div/div[2]/div[2]/div/input","xpath:idRelative"],["xpath=//input","xpath:position"]],"value":"${userLogin}"},{"id":"4cf9f7a7-4619-4b5d-98da-5ca1dee1a6bd","comment":"","command":"click","target":"id=idSIButton9","targets":[["id=idSIButton9","id"],["css=#idSIButton9","css:finder"],["xpath=//input[@id='idSIButton9']","xpath:attributes"],["xpath=//form[@id='i0281']/div/div/div/div[2]/div[2]/div/div/div/div[4]/div/div/div/div[2]/input","xpath:idRelative"],["xpath=//div[2]/input","xpath:position"]],"value":""},{"id":"5fe2dd81-d197-447f-a915-ad43ac64c37a","comment":"","command":"mouseOver","target":"id=idSIButton9","targets":[["id=idSIButton9","id"],["css=#idSIButton9","css:finder"],["xpath=//input[@id='idSIButton9']","xpath:attributes"],["xpath=//form[@id='i0281']/div/div/div/div[2]/div[2]/div/div/div/div[4]/div/div/div/div[2]/input","xpath:idRelative"],["xpath=//div[2]/input","xpath:position"]],"value":""},{"id":"ca01e5ff-4f0d-4088-b153-3f18f2b879b1","comment":"","command":"click","target":"id=i0118","targets":[["id=i0118","id"],["name=passwd","name"],["css=#i0118","css:finder"],["xpath=//input[@id='i0118']","xpath:attributes"],["xpath=//form[@id='i0281']/div/div/div/div[2]/div[2]/div/div[2]/div/div[2]/div/div[2]/input","xpath:idRelative"],["xpath=//div[2]/input","xpath:position"]],"value":""},{"id":"9d48d1f4-67ff-4f97-bc5d-a8beae038313","comment":"","command":"type","target":"id=i0118","targets":[["id=i0118","id"],["name=passwd","name"],["css=#i0118","css:finder"],["xpath=//input[@id='i0118']","xpath:attributes"],["xpath=//form[@id='i0281']/div/div/div/div[2]/div[2]/div/div[2]/div/div[2]/div/div[2]/input","xpath:idRelative"],["xpath=//div[2]/input","xpath:position"]],"value":"${userPassword}"},{"id":"ada1c084-1fb9-4c95-85db-4797cb890636","comment":"","command":"click","target":"id=idSIButton9","targets":[["id=idSIButton9","id"],["css=#idSIButton9","css:finder"],["xpath=//input[@id='idSIButton9']","xpath:attributes"],["xpath=//form[@id='i0281']/div/div/div/div[2]/div[2]/div/div[2]/div/div[3]/div[2]/div/div/div/div/input","xpath:idRelative"],["xpath=//div[3]/div[2]/div/div/div/div/input","xpath:position"]],"value":""},{"id":"294204dc-3daa-4eae-97cf-395532285c58","comment":"","command":"click","target":"id=idSIButton9","targets":[["id=idSIButton9","id"],["css=#idSIButton9","css:finder"],["xpath=//input[@id='idSIButton9']","xpath:attributes"],["xpath=//div[2]/input","xpath:position"]],"value":""},{"id":"a3cdee8c-d2a9-4a48-8e03-602273941792","comment":"","command":"click","target":"id=NavigationSearchBox_searchBoxInput_input","targets":[["id=NavigationSearchBox_searchBoxInput_input","id"],["name=NavigationSearchBox_searchBoxInput","name"],["css=#NavigationSearchBox_searchBoxInput_input","css:finder"],["xpath=//input[@id='NavigationSearchBox_searchBoxInput_input']","xpath:attributes"],["xpath=//div[@id='NavigationSearchBox_searchBoxInput']/input","xpath:idRelative"],["xpath=//input","xpath:position"]],"value":""},{"id":"27c5c4fd-3c48-49df-af82-1b36e344b4d6","comment":"","command":"type","target":"id=NavigationSearchBox_searchBoxInput_input","targets":[["id=NavigationSearchBox_searchBoxInput_input","id"],["name=NavigationSearchBox_searchBoxInput","name"],["css=#NavigationSearchBox_searchBoxInput_input","css:finder"],["xpath=//input[@id='NavigationSearchBox_searchBoxInput_input']","xpath:attributes"],["xpath=//div[@id='NavigationSearchBox_searchBoxInput']/input","xpath:idRelative"],["xpath=//input","xpath:position"]],"value":"dataverse"},{"id":"f39b9c58-7f4d-44a9-84b2-376a3b00e12d","comment":"","command":"click","target":"css=#NavigationSearchBox_listbox_item0 > .searchBox-resultName","targets":[["css=#NavigationSearchBox_listbox_item0 > .searchBox-resultName","css:finder"],["xpath=//li[@id='NavigationSearchBox_listbox_item0']/span","xpath:idRelative"],["xpath=//div[13]/ul/li/span","xpath:position"],["xpath=//span[contains(.,'Common Data Service configuration')]","xpath:innerText"]],"value":""},{"id":"c915600e-fb66-4f6a-9147-2968e713a0c3","comment":"","command":"click","target":"id=cdsintegrationadministration_4_EntityList_input","targets":[["css=.lookupButton","css:finder"],["xpath=//div[@id='cdsintegrationadministration_4_EntityList']/div/div[2]/div","xpath:idRelative"],["xpath=//div[2]/div[2]/div/div[2]/div/div[2]/div/div/div[2]/div","xpath:position"]],"value":""},{"id":"7110cf80-6014-4292-9d1a-4ffb8e5c90a6","comment":"","command":"executeScript","target":"document.getElementById('cdsintegrationadministration_4_EntityList_list_item42').scrollIntoView(true)","targets":[],"value":"1"},{"id":"dc8774b9-f6a7-4aa7-9f66-fa47d58a6eb0","comment":"","command":"click","target":"id=cdsintegrationadministration_4_EntityList_list_item42","targets":[["id=cdsintegrationadministration_4_EntityList_list_item42","id"],["css=#cdsintegrationadministration_4_EntityList_list_item42","css:finder"],["xpath=//li[@id='cdsintegrationadministration_4_EntityList_list_item42']","xpath:attributes"],["xpath=//ul[@id='cdsintegrationadministration_4_EntityList_list']/li[43]","xpath:idRelative"],["xpath=//li[43]","xpath:position"],["xpath=//li[contains(.,'cdm_leaverequestdetail')]","xpath:innerText"]],"value":""},{"id":"8593cc86-e5cd-41a3-8489-a932873beb6c","comment":"","command":"click","target":"id=cdsintegrationadministration_4_SyncButton","targets":[["id=cdsintegrationadministration_4_SyncButton","id"],["name=SyncButton","name"],["css=#cdsintegrationadministration_4_SyncButton","css:finder"],["xpath=//button[@id='cdsintegrationadministration_4_SyncButton']","xpath:attributes"],["xpath=//div[@id='cdsintegrationadministration_4_EntityActions']/div[2]/button[2]","xpath:idRelative"],["xpath=//div[2]/div[2]/div[2]/button[2]","xpath:position"],["xpath=//button[contains(.,'Sync now')]","xpath:innerText"]],"value":""},{"id":"e91bb017-a64a-4585-821a-d7e65fa1610a","comment":"","command":"pause","target":"20000","targets":[],"value":""},{"id":"2bc012ce-2cfa-47f7-80e2-69172c3ecf0c","comment":"","command":"close","target":"","targets":[],"value":""}]}],"suites":[{"id":"e6d27efb-d7a6-42bc-a1a4-d95ed75cb084","name":"Default Suite","persistSession":false,"parallel":false,"timeout":300,"tests":["c9db6a81-4218-42ee-b1fc-67b6a829be48"]}],"urls":["https://aos-rts-sf-cac8deb39f9-prod-centralus.hr.talent.dynamics.com/namespaces/a7f45b27-478d-4aa3-86b8-43712425a583/?cmp=USMF&mi=CDSIntegrationAdministration"],"plugins":[]},"inputs":{"schema":{"type":"object","properties":{"d365hrUrl":{"type":"string"},"userLogin":{"type":"string"},"userPassword":{"type":"string"}}}},"outputs":{"schema":{"type":"object","properties":{"1":{},"d365hrUrl":{"type":"string"},"userLogin":{"type":"string"},"userPassword":{"type":"string"}}}}}}