{"properties":{"connectionReferences":{"shared_teams":{"runtimeSource":"invoker","connection":{"connectionReferenceLogicalName":"rpo_sharedteams_6195b"},"api":{"name":"shared_teams"}}},"definition":{"$schema":"https://schema.management.azure.com/providers/Microsoft.Logic/schemas/2016-06-01/workflowdefinition.json#","contentVersion":"1.0.0.0","parameters":{"$connections":{"defaultValue":{},"type":"Object"},"$authentication":{"defaultValue":{},"type":"SecureObject"}},"triggers":{"manual":{"type":"Request","kind":"PowerApp","inputs":{"schema":{"type":"object","properties":{"PostamessageastheFlowbottoauser_Recipient":{"type":"string"},"PostamessageastheFlowbottoauser_Message":{"type":"string"},"PostamessageastheFlowbottoauser_Headline":{"type":"string"}},"required":["PostamessageastheFlowbottoauser_Recipient","PostamessageastheFlowbottoauser_Message","PostamessageastheFlowbottoauser_Headline"]}}}},"actions":{"Send_reminder_to_manager":{"runAfter":{},"type":"OpenApiConnection","inputs":{"host":{"apiId":"/providers/Microsoft.PowerApps/apis/shared_teams","connectionName":"shared_teams","operationId":"PostUserNotification"},"parameters":{"PostNotificationRequest/recipient/to":"@{triggerBody()['PostamessageastheFlowbottoauser_Recipient']};","PostNotificationRequest/messageBody":"@triggerBody()['PostamessageastheFlowbottoauser_Message']","PostNotificationRequest/messageTitle":"@triggerBody()['PostamessageastheFlowbottoauser_Headline']","PostNotificationRequest/recipient/isAlert":true},"authentication":{"value":"@json(decodeBase64(triggerOutputs().headers['X-MS-APIM-Tokens']))['$ConnectionKey']","type":"Raw"}}},"Respond_to_a_PowerApp_or_flow":{"runAfter":{"Send_reminder_to_manager":["Succeeded"]},"type":"Response","kind":"PowerApp","inputs":{"statusCode":200,"body":{"result":"Reminder sent to manager"},"schema":{"type":"object","properties":{"result":{"title":"Result","x-ms-dynamically-added":true,"type":"string"}}}}}},"outputs":{}}},"schemaVersion":"1.0.0.0"}