{"properties":{"connectionReferences":{"shared_commondataserviceforapps":{"runtimeSource":"embedded","connection":{},"api":{"name":"shared_commondataserviceforapps"}},"shared_uiflow":{"runtimeSource":"embedded","connection":{},"api":{"name":"shared_uiflow"}},"shared_teams":{"runtimeSource":"embedded","connection":{},"api":{"name":"shared_teams"}}},"definition":{"$schema":"https://schema.management.azure.com/providers/Microsoft.Logic/schemas/2016-06-01/workflowdefinition.json#","contentVersion":"1.0.0.0","parameters":{"$connections":{"defaultValue":{},"type":"Object"},"$authentication":{"defaultValue":{},"type":"SecureObject"}},"triggers":{"When_Leave_Request_\"Status\"_set_to_\"Approved\"":{"type":"OpenApiConnectionWebhook","inputs":{"host":{"connectionName":"shared_commondataserviceforapps","operationId":"SubscribeWebhookTrigger","apiId":"/providers/Microsoft.PowerApps/apis/shared_commondataserviceforapps"},"parameters":{"subscriptionRequest/message":3,"subscriptionRequest/entityname":"cdm_leaverequest","subscriptionRequest/scope":4,"subscriptionRequest/filteringattributes":"cdm_status","subscriptionRequest/filterexpression":"cdm_status eq 754400002"},"authentication":"@parameters('$authentication')"}}},"actions":{"Initialize_\"isAutoApproved\"_variable":{"runAfter":{},"type":"InitializeVariable","inputs":{"variables":[{"name":"isAutoApproved","type":"boolean","value":"@false"}]}},"Apply_to_each_Leave_Request_Details":{"foreach":"@outputs('List_Leave_Request_Details')?['body/value']","actions":{"If_auto_approved_\"Leave_Type\"":{"actions":{"Set_\"isAutoApproved\"_variable_to_\"true\"":{"runAfter":{},"type":"SetVariable","inputs":{"name":"isAutoApproved","value":"@true"}}},"runAfter":{},"expression":{"equals":["@items('Apply_to_each_Leave_Request_Details')?['_cdm_leavetypeid_value']","23922598-3b23-eb11-a813-000d3a1c685c"]},"type":"If","description":"In our case \"Sick\" leave type"},"If_\"Leave_Date\"_is_Today":{"actions":{"Set_\"isTodayAbsence\"_variable_to_\"true\"":{"runAfter":{},"type":"SetVariable","inputs":{"name":"isTodayAbsence","value":"@true"}}},"runAfter":{"If_auto_approved_\"Leave_Type\"":["Succeeded"]},"expression":{"equals":["@formatDateTime(items('Apply_to_each_Leave_Request_Details')?['cdm_leavedate'], 'yyyy-MM-dd')","@outputs('Today')"]},"type":"If"}},"runAfter":{"List_Leave_Request_Details":["Succeeded"]},"type":"Foreach"},"List_Leave_Request_Details":{"runAfter":{"Run_\"Leave_Request_Details_Sync_to_CDSLeave_Request_Details_Sync_to_CDS_Test\"":["Succeeded"]},"type":"OpenApiConnection","inputs":{"host":{"connectionName":"shared_commondataserviceforapps","operationId":"ListRecords","apiId":"/providers/Microsoft.PowerApps/apis/shared_commondataserviceforapps"},"parameters":{"entityName":"cdm_leaverequestdetails","$select":"cdm_leaverequestdetailid, _cdm_leavetypeid_value, cdm_leavedate","$filter":"_cdm_leaverequestid_value eq '@{triggerOutputs()?['body/cdm_leaverequestid']}'"},"authentication":"@parameters('$authentication')"}},"Run_\"Leave_Request_Details_Sync_to_CDSLeave_Request_Details_Sync_to_CDS_Test\"":{"runAfter":{"Today":["Succeeded"]},"type":"OpenApiConnection","inputs":{"host":{"connectionName":"shared_uiflow","operationId":"ExecuteSeleniumIDEUIFlow","apiId":"/providers/Microsoft.PowerApps/apis/shared_uiflow"},"parameters":{"uiFlowId":"8f30639d-d723-eb11-a813-000d3a1c685c","item/browser":"Microsoft Edge (Chromium)","runMode":"attended","item/variables/d365hrUrl":"d365hrUrl","item/variables/userLogin":"userLogin","item/variables/userPassword":"userPassword"},"authentication":"@parameters('$authentication')"},"runtimeConfiguration":{"secureData":{"properties":["inputs","outputs"]}}},"Manager_notification_if_first_run_in_case_of_automatic_approval":{"actions":{"Get_Manager":{"runAfter":{},"type":"OpenApiConnection","inputs":{"host":{"connectionName":"shared_commondataserviceforapps","operationId":"GetItem","apiId":"/providers/Microsoft.PowerApps/apis/shared_commondataserviceforapps"},"parameters":{"entityName":"cdm_workers","recordId":"@outputs('Get_Worker')?['body/_cdm_managerworkerid_value']","$select":"cdm_workerid, cdm_primaryemailaddress"},"authentication":"@parameters('$authentication')"}},"Absence_automatic_approval_notification_to_manager":{"runAfter":{"Get_Manager":["Succeeded"]},"type":"OpenApiConnection","inputs":{"host":{"connectionName":"shared_teams","operationId":"PostUserAdaptiveCard","apiId":"/providers/Microsoft.PowerApps/apis/shared_teams"},"parameters":{"PostAdaptiveCardRequest/recipient/to":"@outputs('Get_Manager')?['body/cdm_primaryemailaddress']","PostAdaptiveCardRequest/messageBody":"{\n    \"$schema\": \"http://adaptivecards.io/schemas/adaptive-card.json\",\n    \"type\": \"AdaptiveCard\",\n    \"version\": \"1.2\",\n    \"speak\": \"<s>Absence automatically approved for @{outputs('Get_Worker')?['body/cdm_fullname']}</s>\",\n    \"body\": [\n        {\n            \"type\": \"ColumnSet\",\n            \"columns\": [\n                {\n                    \"type\": \"Column\",\n                    \"width\": \"50px\",\n                    \"items\": [\n                        {\n                            \"type\": \"Image\",\n                            \"url\": \"https://cdn.iconscout.com/icon/free/png-512/sick-1659472-1409994.png\"\n                        }\n                    ]\n                },\n                {\n                    \"type\": \"Column\",\n                    \"width\": \"stretch\",\n                    \"items\": [\n                        {\n                            \"type\": \"TextBlock\",\n                            \"text\": \"Absence automatically approved\",\n                            \"size\": \"Large\",\n                            \"isSubtle\": true,\n                            \"wrap\": true\n                        },\n                        {\n                            \"type\": \"TextBlock\",\n                            \"text\": \"@{outputs('Get_Worker')?['body/cdm_fullname']} - @{triggerOutputs()?['body/cdm_leaverequestnumber']}\",\n                            \"spacing\": \"None\",\n                            \"wrap\": true,\n                            \"size\": \"Small\"\n                        }\n                    ]\n                }\n            ]\n        }\n    ]\n}","PostAdaptiveCardRequest/messageTitle":"Absence automatically approved","PostAdaptiveCardRequest/recipient/summary":"Absence automatically approved for @{outputs('Get_Worker')?['body/cdm_fullname']}","PostAdaptiveCardRequest/recipient/isAlert":true},"authentication":"@parameters('$authentication')"}}},"runAfter":{"If_manager_already_notified_stop_flow_run":["Succeeded"]},"expression":{"and":[{"equals":["@variables('isAutoApproved')","@true"]},{"equals":["@triggerOutputs()?['body/rpo_managernotified']","@false"]}]},"type":"If","description":"isAutoApproved = true and rpo_managernotified = false"},"Team_notification_if_today_absence":{"actions":{"Post_last_minute_absence_in_Teams_channel":{"runAfter":{},"type":"OpenApiConnection","inputs":{"host":{"connectionName":"shared_teams","operationId":"PostChannelAdaptiveCard","apiId":"/providers/Microsoft.PowerApps/apis/shared_teams"},"parameters":{"groupId":"28bb2504-57e5-4d6b-a5ae-feff172b8e46","PostAdaptiveCardRequest/recipient/channelId":"19:cbe7dc6839cc40ae945df271faf40032@thread.tacv2","PostAdaptiveCardRequest/messageBody":"{\n    \"$schema\": \"http://adaptivecards.io/schemas/adaptive-card.json\",\n    \"type\": \"AdaptiveCard\",\n    \"version\": \"1.2\",\n    \"speak\": \"<s>Last minute absence for @{outputs('Get_Worker')?['body/cdm_fullname']}</s>\",\n    \"body\": [\n        {\n            \"type\": \"ColumnSet\",\n            \"columns\": [\n                {\n                    \"type\": \"Column\",\n                    \"width\": \"50px\",\n                    \"items\": [\n                        {\n                            \"type\": \"Image\",\n                            \"url\": \"https://cdn3.vectorstock.com/i/1000x1000/37/07/not-available-sign-or-stamp-vector-22523707.jpg\"\n                        }\n                    ]\n                },\n                {\n                    \"type\": \"Column\",\n                    \"width\": \"stretch\",\n                    \"items\": [\n                        {\n                            \"type\": \"TextBlock\",\n                            \"text\": \"Last minute absence\",\n                            \"size\": \"Large\",\n                            \"isSubtle\": true,\n                            \"wrap\": true\n                        },\n                        {\n                            \"type\": \"TextBlock\",\n                            \"text\": \"@{outputs('Get_Worker')?['body/cdm_fullname']}\",\n                            \"spacing\": \"None\",\n                            \"wrap\": true,\n                            \"size\": \"Small\"\n                        }\n                    ]\n                }\n            ]\n        }\n    ]\n}","PostAdaptiveCardRequest/messageTitle":"Absences of the day"},"authentication":"@parameters('$authentication')"}}},"runAfter":{"Update_Leave_Request":["Succeeded"]},"expression":{"equals":["@variables('isTodayAbsence')","@true"]},"type":"If"},"Today":{"runAfter":{"Initialize_\"isTodayAbsence\"_variable":["Succeeded"]},"type":"Compose","inputs":"@formatDateTime(utcNow(), 'yyyy-MM-dd')"},"Initialize_\"isTodayAbsence\"_variable":{"runAfter":{"Initialize_\"isAutoApproved\"_variable":["Succeeded"]},"type":"InitializeVariable","inputs":{"variables":[{"name":"isTodayAbsence","type":"boolean","value":"@false"}]}},"Get_Worker":{"runAfter":{"Apply_to_each_Leave_Request_Details":["Succeeded"]},"type":"OpenApiConnection","inputs":{"host":{"connectionName":"shared_commondataserviceforapps","operationId":"GetItem","apiId":"/providers/Microsoft.PowerApps/apis/shared_commondataserviceforapps"},"parameters":{"entityName":"cdm_workers","recordId":"@triggerOutputs()?['body/_cdm_workerid_value']","$select":"cdm_workerid, cdm_fullname, _cdm_managerworkerid_value"},"authentication":"@parameters('$authentication')"}},"Update_Leave_Request":{"runAfter":{"Manager_notification_if_first_run_in_case_of_automatic_approval":["Succeeded"]},"type":"OpenApiConnection","inputs":{"host":{"connectionName":"shared_commondataserviceforapps","operationId":"UpdateRecord","apiId":"/providers/Microsoft.PowerApps/apis/shared_commondataserviceforapps"},"parameters":{"entityName":"cdm_leaverequests","recordId":"@triggerOutputs()?['body/cdm_leaverequestid']","item/rpo_managernotified":true},"authentication":"@parameters('$authentication')"}},"If_manager_already_notified_stop_flow_run":{"actions":{"Manager_already_notified":{"runAfter":{},"type":"Terminate","inputs":{"runStatus":"Succeeded"}}},"runAfter":{"Get_Leave_Request_\"rpo_managernotified\"_field_value":["Succeeded"]},"expression":{"equals":["@outputs('Get_Leave_Request_\"rpo_managernotified\"_field_value')?['body/rpo_managernotified']","@true"]},"type":"If"},"Get_Leave_Request_\"rpo_managernotified\"_field_value":{"runAfter":{"Get_Worker":["Succeeded"]},"type":"OpenApiConnection","inputs":{"host":{"connectionName":"shared_commondataserviceforapps","operationId":"GetItem","apiId":"/providers/Microsoft.PowerApps/apis/shared_commondataserviceforapps"},"parameters":{"entityName":"cdm_leaverequests","recordId":"@triggerOutputs()?['body/cdm_leaverequestid']","$select":"rpo_managernotified"},"authentication":"@parameters('$authentication')"}}},"outputs":{}}},"schemaVersion":"1.0.0.0"}