{"properties":{"connectionReferences":{"shared_commondataserviceforapps":{"runtimeSource":"embedded","connection":{"connectionReferenceLogicalName":"rpo_sharedcommondataserviceforapps_b76f6"},"api":{"name":"shared_commondataserviceforapps"}}},"definition":{"$schema":"https://schema.management.azure.com/providers/Microsoft.Logic/schemas/2016-06-01/workflowdefinition.json#","contentVersion":"1.0.0.0","parameters":{"$connections":{"defaultValue":{},"type":"Object"},"$authentication":{"defaultValue":{},"type":"SecureObject"}},"triggers":{"manual":{"type":"Request","kind":"Button","inputs":{"schema":{"type":"object","properties":{},"required":[]}}}},"actions":{"List_active_workers":{"runAfter":{},"type":"OpenApiConnection","inputs":{"host":{"connectionName":"shared_commondataserviceforapps","operationId":"ListRecords","apiId":"/providers/Microsoft.PowerApps/apis/shared_commondataserviceforapps"},"parameters":{"entityName":"cdm_workers","$select":"cdm_workerid, cdm_workernumber, cdm_status, cdm_type","$filter":"cdm_status eq 754400000 and cdm_type eq 754400000"},"authentication":{"type":"Raw","value":"@json(decodeBase64(triggerOutputs().headers['X-MS-APIM-Tokens']))['$ConnectionKey']"}}},"List_position_worker_assignments":{"runAfter":{"List_active_workers":["Succeeded"]},"type":"OpenApiConnection","inputs":{"host":{"connectionName":"shared_commondataserviceforapps","operationId":"ListRecords","apiId":"/providers/Microsoft.PowerApps/apis/shared_commondataserviceforapps"},"parameters":{"entityName":"cdm_positionworkerassignmentmaps","$select":"cdm_positionworkerassignmentmapid, _cdm_workerid_value, _cdm_jobpositionid_value, cdm_validfrom, cdm_validto"},"authentication":{"type":"Raw","value":"@json(decodeBase64(triggerOutputs().headers['X-MS-APIM-Tokens']))['$ConnectionKey']"}}},"List_active_position_worker_assignments":{"runAfter":{"List_position_worker_assignments":["Succeeded"]},"type":"Query","inputs":{"from":"@outputs('List_position_worker_assignments')?['body/value']","where":"@and(lessOrEquals(ticks(item()?['cdm_validfrom']), ticks(utcNow())), greaterOrEquals(ticks(item()?['cdm_validto']), ticks(utcNow())))"}},"List_positions":{"runAfter":{"List_active_position_worker_assignments":["Succeeded"]},"type":"OpenApiConnection","inputs":{"host":{"connectionName":"shared_commondataserviceforapps","operationId":"ListRecords","apiId":"/providers/Microsoft.PowerApps/apis/shared_commondataserviceforapps"},"parameters":{"entityName":"cdm_jobpositions","$select":"cdm_jobpositionid, _cdm_parentjobpositionid_value"},"authentication":{"type":"Raw","value":"@json(decodeBase64(triggerOutputs().headers['X-MS-APIM-Tokens']))['$ConnectionKey']"}}},"Apply_to_each_worker":{"foreach":"@outputs('List_active_workers')?['body/value']","actions":{"Get_active_position_worker_assignment_of_the_worker":{"runAfter":{},"type":"Query","inputs":{"from":"@body('List_active_position_worker_assignments')","where":"@equals(item()?['_cdm_workerid_value'], items('Apply_to_each_worker')?['cdm_workerid'])"}},"Get_position_assigned_to_position_worker_assignment_found":{"runAfter":{"Get_active_position_worker_assignment_of_the_worker":["Succeeded"]},"type":"Query","inputs":{"from":"@outputs('List_positions')?['body/value']","where":"@equals(item()?['cdm_jobpositionid'], first(body('Get_active_position_worker_assignment_of_the_worker'))?['_cdm_jobpositionid_value'])"}},"Get_position_worker_assignment_of_parent_position_found":{"runAfter":{"Get_position_assigned_to_position_worker_assignment_found":["Succeeded"]},"type":"Query","inputs":{"from":"@body('List_active_position_worker_assignments')","where":"@equals(item()?['_cdm_jobpositionid_value'], first(body('Get_position_assigned_to_position_worker_assignment_found'))?['_cdm_parentjobpositionid_value'])"}},"Update_manager_on_the_worker_if_result_found_in_the_previous_step":{"actions":{"Update_manager_on_the_worker":{"runAfter":{},"type":"OpenApiConnection","inputs":{"host":{"connectionName":"shared_commondataserviceforapps","operationId":"UpdateRecord","apiId":"/providers/Microsoft.PowerApps/apis/shared_commondataserviceforapps"},"parameters":{"entityName":"cdm_workers","recordId":"@items('Apply_to_each_worker')?['cdm_workerid']","item/cdm_ManagerWorkerId@odata.bind":"cdm_workers(@{first(body('Get_position_worker_assignment_of_parent_position_found'))?['_cdm_workerid_value']})"},"authentication":{"type":"Raw","value":"@json(decodeBase64(triggerOutputs().headers['X-MS-APIM-Tokens']))['$ConnectionKey']"}}}},"runAfter":{"Get_position_worker_assignment_of_parent_position_found":["Succeeded"]},"expression":{"equals":["@empty(first(body('Get_position_worker_assignment_of_parent_position_found'))?['_cdm_workerid_value'])","@false"]},"type":"If"}},"runAfter":{"List_positions":["Succeeded"]},"type":"Foreach"}},"outputs":{}}},"schemaVersion":"1.0.0.0"}