{"properties":{"connectionReferences":{"shared_commondataserviceforapps":{"runtimeSource":"embedded","connection":{"connectionReferenceLogicalName":"rpo_sharedcommondataserviceforapps_b76f6"},"api":{"name":"shared_commondataserviceforapps"}},"shared_teams":{"runtimeSource":"embedded","connection":{"connectionReferenceLogicalName":"rpo_sharedteams_6195b"},"api":{"name":"shared_teams"}}},"definition":{"$schema":"https://schema.management.azure.com/providers/Microsoft.Logic/schemas/2016-06-01/workflowdefinition.json#","contentVersion":"1.0.0.0","parameters":{"$connections":{"defaultValue":{},"type":"Object"},"$authentication":{"defaultValue":{},"type":"SecureObject"}},"triggers":{"Every_day_at_5am":{"recurrence":{"frequency":"Day","interval":1,"schedule":{"hours":["5"]}},"type":"Recurrence"}},"actions":{"List_Leave_Request_Details":{"runAfter":{"Today":["Succeeded"]},"type":"OpenApiConnection","inputs":{"host":{"connectionName":"shared_commondataserviceforapps","operationId":"ListRecords","apiId":"/providers/Microsoft.PowerApps/apis/shared_commondataserviceforapps"},"parameters":{"entityName":"cdm_leaverequestdetails","$select":"cdm_leaverequestdetailid, cdm_leavedate, _cdm_leaverequestid_value"},"authentication":"@parameters('$authentication')"}},"Today":{"runAfter":{"Initialize_\"personsAbsentToday\"_variable":["Succeeded"]},"type":"Compose","inputs":"@formatDateTime(utcNow(),'yyyy-MM-dd')"},"List_Leave_Request_Details_of_Today":{"runAfter":{"List_Leave_Request_Details":["Succeeded"]},"type":"Query","inputs":{"from":"@outputs('List_Leave_Request_Details')?['body/value']","where":"@equals(formatDateTime(item()?['cdm_leavedate'], 'yyyy-MM-dd'), outputs('Today'))"}},"Apply_to_each_Leave_Request_Detail_of_Today":{"foreach":"@body('List_Leave_Request_Details_of_Today')","actions":{"Get_Leave_Request":{"runAfter":{},"type":"OpenApiConnection","inputs":{"host":{"connectionName":"shared_commondataserviceforapps","operationId":"GetItem","apiId":"/providers/Microsoft.PowerApps/apis/shared_commondataserviceforapps"},"parameters":{"entityName":"cdm_leaverequests","recordId":"@items('Apply_to_each_Leave_Request_Detail_of_Today')?['_cdm_leaverequestid_value']","$select":"cdm_leaverequestid, _cdm_workerid_value"},"authentication":"@parameters('$authentication')"}},"Get_Worker":{"runAfter":{"Get_Leave_Request":["Succeeded"]},"type":"OpenApiConnection","inputs":{"host":{"connectionName":"shared_commondataserviceforapps","operationId":"GetItem","apiId":"/providers/Microsoft.PowerApps/apis/shared_commondataserviceforapps"},"parameters":{"entityName":"cdm_workers","recordId":"@outputs('Get_Leave_Request')?['body/_cdm_workerid_value']","$select":"cdm_workerid, cdm_fullname"},"authentication":"@parameters('$authentication')"}},"Add_worker_to_\"personsAbsentToday\"_variable":{"runAfter":{"Get_Worker":["Succeeded"]},"type":"AppendToStringVariable","inputs":{"name":"personsAbsentToday","value":",\n                        {\n                            \"type\": \"TextBlock\",\n                            \"text\": \"- @{outputs('Get_Worker')?['body/cdm_fullname']}\",\n                            \"spacing\": \"None\",\n                            \"wrap\": true,\n                            \"size\": \"Small\"\n                        }"}}},"runAfter":{"List_Leave_Request_Details_of_Today":["Succeeded"]},"type":"Foreach"},"Initialize_\"personsAbsentToday\"_variable":{"runAfter":{},"type":"InitializeVariable","inputs":{"variables":[{"name":"personsAbsentToday","type":"string"}]}},"Post_notification_if_at_least_one_person_out_of_the_office_today":{"actions":{"Post_absences_of_the_day_in_Teams_channel":{"runAfter":{},"type":"OpenApiConnection","inputs":{"host":{"connectionName":"shared_teams","operationId":"PostChannelAdaptiveCard","apiId":"/providers/Microsoft.PowerApps/apis/shared_teams"},"parameters":{"groupId":"28bb2504-57e5-4d6b-a5ae-feff172b8e46","PostAdaptiveCardRequest/recipient/channelId":"19:cbe7dc6839cc40ae945df271faf40032@thread.tacv2","PostAdaptiveCardRequest/messageBody":"{\n    \"$schema\": \"http://adaptivecards.io/schemas/adaptive-card.json\",\n    \"type\": \"AdaptiveCard\",\n    \"version\": \"1.2\",\n    \"speak\": \"<s>Absences of the day</s>\",\n    \"body\": [\n        {\n            \"type\": \"ColumnSet\",\n            \"columns\": [\n                {\n                    \"type\": \"Column\",\n                    \"width\": \"50px\",\n                    \"items\": [\n                        {\n                            \"type\": \"Image\",\n                            \"url\": \"https://cdn3.vectorstock.com/i/1000x1000/37/07/not-available-sign-or-stamp-vector-22523707.jpg\"\n                        }\n                    ]\n                },\n                {\n                    \"type\": \"Column\",\n                    \"width\": \"stretch\",\n                    \"items\": [\n                        {\n                            \"type\": \"TextBlock\",\n                            \"text\": \"Absences of the day - @{outputs('Today')}\",\n                            \"size\": \"Large\",\n                            \"isSubtle\": true,\n                            \"wrap\": true\n                        }@{variables('personsAbsentToday')}\n                    ]\n                }\n            ]\n        }\n    ]\n}","PostAdaptiveCardRequest/messageTitle":"Absences of the day"},"authentication":"@parameters('$authentication')"}}},"runAfter":{"Apply_to_each_Leave_Request_Detail_of_Today":["Succeeded"]},"expression":{"equals":["@empty(variables('personsAbsentToday'))","@false"]},"type":"If"}},"outputs":{}}},"schemaVersion":"1.0.0.0"}