{"properties":{"connectionReferences":{"shared_commondataserviceforapps":{"runtimeSource":"embedded","connection":{"connectionReferenceLogicalName":"rpo_sharedcommondataserviceforapps_26cf9"},"api":{"name":"shared_commondataserviceforapps"}}},"definition":{"$schema":"https://schema.management.azure.com/providers/Microsoft.Logic/schemas/2016-06-01/workflowdefinition.json#","contentVersion":"1.0.0.0","parameters":{"$connections":{"defaultValue":{},"type":"Object"},"$authentication":{"defaultValue":{},"type":"SecureObject"}},"triggers":{"When_a_Contact_Creation_Request_row_is_added":{"metadata":{"operationMetadataId":"64cb40c0-6123-436f-83fe-d3335e1a99d8"},"type":"OpenApiConnectionWebhook","inputs":{"host":{"connectionName":"shared_commondataserviceforapps","operationId":"SubscribeWebhookTrigger","apiId":"/providers/Microsoft.PowerApps/apis/shared_commondataserviceforapps"},"parameters":{"subscriptionRequest/message":1,"subscriptionRequest/entityname":"rpo_contactcreationrequest","subscriptionRequest/scope":4,"subscriptionRequest/runas":1},"authentication":"@parameters('$authentication')"}}},"actions":{"Call_Create_Contact_+_Task_child_flow":{"runAfter":{},"metadata":{"operationMetadataId":"abfe6b6a-8f6f-4a7c-aed7-b1dba8bb4c91"},"type":"Workflow","inputs":{"host":{"workflowReferenceName":"bea26c65-f743-ec11-8c62-000d3af45a11"},"body":{"text":"@triggerOutputs()?['body/rpo_firstname']","text_1":"@triggerOutputs()?['body/rpo_name']"}}},"If_Contact_correctly_created_update_flag_on_Request":{"actions":{"Update_flag_on_Contact_Creation_Request_row":{"runAfter":{},"metadata":{"operationMetadataId":"04758e76-5d00-47b8-883e-09a353fd86b1"},"type":"OpenApiConnection","inputs":{"host":{"connectionName":"shared_commondataserviceforapps","operationId":"UpdateRecord","apiId":"/providers/Microsoft.PowerApps/apis/shared_commondataserviceforapps"},"parameters":{"entityName":"rpo_contactcreationrequests","recordId":"@triggerOutputs()?['body/rpo_contactcreationrequestid']","item/rpo_contactcreated":true},"authentication":"@parameters('$authentication')"}},"Notification_-_Contact_Creation_-_Success":{"runAfter":{"Update_flag_on_Contact_Creation_Request_row":["Succeeded"]},"metadata":{"operationMetadataId":"8ac4dfbd-8312-44ff-9a09-a1768383e700"},"type":"OpenApiConnection","inputs":{"host":{"connectionName":"shared_commondataserviceforapps","operationId":"CreateRecord","apiId":"/providers/Microsoft.PowerApps/apis/shared_commondataserviceforapps"},"parameters":{"entityName":"appnotifications","item/title":"✅ Contact created!","item/body":"The contact \"@{body('Call_Create_Contact_+_Task_child_flow')?['contactfullname']}\" and the associated task have been correctly created.","item/data":"{\n  \"actions\": [\n        {\n        \"title\": \"Open Contact\",\n        \"data\": {\n            \"url\": \"?pagetype=entityrecord&etn=contact&id=@{body('Call_Create_Contact_+_Task_child_flow')?['contactguid']}\",\n            \"navigationTarget\": \"inline\"\n               }        \n        }\n      ]\n     }","item/ttlinseconds":1200,"item/icontype":100000001,"item/ownerid@odata.bind":"/systemusers(@{triggerOutputs()?['body/_createdby_value']})","item/priority":200000000,"item/toasttype":200000000},"authentication":"@parameters('$authentication')"}}},"runAfter":{"Call_Create_Contact_+_Task_child_flow":["Succeeded","Failed","Skipped","TimedOut"]},"else":{"actions":{"Notification_-_Contact_Creation_-_Something_went_wrong":{"runAfter":{},"metadata":{"operationMetadataId":"8dfd59a2-4855-46a3-93d1-b2734ad5697f"},"type":"OpenApiConnection","inputs":{"host":{"connectionName":"shared_commondataserviceforapps","operationId":"CreateRecord","apiId":"/providers/Microsoft.PowerApps/apis/shared_commondataserviceforapps"},"parameters":{"entityName":"appnotifications","item/title":"❌ Something went wrong in Contact creation","item/body":"Something went wrong in the contact and the associated task creation. An administrator will be notifiy to take action.","item/icontype":100000002,"item/ownerid@odata.bind":"/systemusers(@{triggerOutputs()?['body/_createdby_value']})","item/priority":200000001,"item/toasttype":200000000},"authentication":"@parameters('$authentication')"}}}},"expression":{"equals":["@body('Call_Create_Contact_+_Task_child_flow')?['jobdone']","True"]},"metadata":{"operationMetadataId":"21b8b0d2-eb4f-4cc2-80a5-6b4b309d9223"},"type":"If"}}}},"schemaVersion":"1.0.0.0"}