{"properties":{"connectionReferences":{"shared_commondataserviceforapps":{"runtimeSource":"embedded","connection":{"connectionReferenceLogicalName":"rpo_sharedcommondataserviceforapps_26cf9"},"api":{"name":"shared_commondataserviceforapps"}}},"definition":{"$schema":"https://schema.management.azure.com/providers/Microsoft.Logic/schemas/2016-06-01/workflowdefinition.json#","contentVersion":"1.0.0.0","parameters":{"$connections":{"defaultValue":{},"type":"Object"},"$authentication":{"defaultValue":{},"type":"SecureObject"}},"triggers":{"manual":{"metadata":{"operationMetadataId":"4ae5c00c-f018-47ba-ad38-088d62766bc8"},"type":"Request","kind":"Button","inputs":{"schema":{"type":"object","properties":{"text":{"title":"ContactFirstName","type":"string","x-ms-dynamically-added":true,"description":"Please enter your input","x-ms-content-hint":"TEXT"},"text_1":{"title":"ContactLastName","type":"string","x-ms-dynamically-added":true,"description":"Please enter your input","x-ms-content-hint":"TEXT"}},"required":["text","text_1"]}}}},"actions":{"Create_Contact":{"runAfter":{},"metadata":{"operationMetadataId":"15c17374-157a-48a8-9a1c-0d91891a6f31"},"type":"OpenApiConnection","inputs":{"host":{"connectionName":"shared_commondataserviceforapps","operationId":"CreateRecord","apiId":"/providers/Microsoft.PowerApps/apis/shared_commondataserviceforapps"},"parameters":{"entityName":"contacts","item/lastname":"@triggerBody()['text_1']","item/firstname":"@triggerBody()['text']"},"authentication":{"type":"Raw","value":"@json(decodeBase64(triggerOutputs().headers['X-MS-APIM-Tokens']))['$ConnectionKey']"}}},"Create_Task":{"runAfter":{"Create_Contact":["Succeeded"]},"metadata":{"operationMetadataId":"9329cf6a-dcde-4661-928c-0cb4df8d537c"},"type":"OpenApiConnection","inputs":{"host":{"connectionName":"shared_commondataserviceforapps","operationId":"CreateRecord","apiId":"/providers/Microsoft.PowerApps/apis/shared_commondataserviceforapps"},"parameters":{"entityName":"tasks","item/subject":"Check @{outputs('Create_Contact')?['body/fullname']} registration","item/regardingobjectid_contact_task@odata.bind":"/contacts(@{outputs('Create_Contact')?['body/contactid']})"},"authentication":{"type":"Raw","value":"@json(decodeBase64(triggerOutputs().headers['X-MS-APIM-Tokens']))['$ConnectionKey']"}}},"Respond_to_calling_custom_page":{"runAfter":{"Create_Task":["Succeeded"]},"metadata":{"operationMetadataId":"3fea03cf-21e3-491f-a375-bff868d4c270"},"type":"Response","kind":"PowerApp","inputs":{"statusCode":200,"body":{"jobdone":"@{true}","contactfullname":"@outputs('Create_Contact')?['body/fullname']","contactguid":"@outputs('Create_Contact')?['body/contactid']"},"schema":{"type":"object","properties":{"jobdone":{"title":"JobDone","x-ms-dynamically-added":true,"type":"boolean"},"contactfullname":{"title":"ContactFullName","x-ms-dynamically-added":true,"type":"string"},"contactguid":{"title":"ContactGuid","x-ms-dynamically-added":true,"type":"string"}}}}}}}},"schemaVersion":"1.0.0.0"}