{"properties":{"connectionReferences":{"shared_commondataserviceforapps":{"runtimeSource":"embedded","connection":{"connectionReferenceLogicalName":"rpo_sharedcommondataserviceforapps_26cf9"},"api":{"name":"shared_commondataserviceforapps"}}},"definition":{"$schema":"https://schema.management.azure.com/providers/Microsoft.Logic/schemas/2016-06-01/workflowdefinition.json#","contentVersion":"1.0.0.0","parameters":{"$connections":{"defaultValue":{},"type":"Object"},"$authentication":{"defaultValue":{},"type":"SecureObject"}},"triggers":{"manual":{"metadata":{"operationMetadataId":"7a80d8a0-9a14-4cb0-bbec-f2df506ff9bb"},"type":"Request","kind":"Button","inputs":{"schema":{"type":"object","properties":{},"required":[]}}}},"actions":{"List_Contact_Creation_Requests_to_retry":{"runAfter":{},"metadata":{"operationMetadataId":"91171e3f-7929-4b0a-81d6-d4364af00107"},"type":"OpenApiConnection","inputs":{"host":{"connectionName":"shared_commondataserviceforapps","operationId":"ListRecords","apiId":"/providers/Microsoft.PowerApps/apis/shared_commondataserviceforapps"},"parameters":{"entityName":"rpo_contactcreationrequests","$filter":"rpo_contactcreated eq false"},"authentication":{"type":"Raw","value":"@json(decodeBase64(triggerOutputs().headers['X-MS-APIM-Tokens']))['$ConnectionKey']"}}},"For_each_Contact_Creation_Requests_to_retry":{"foreach":"@outputs('List_Contact_Creation_Requests_to_retry')?['body/value']","actions":{"Run_Create_Contact_+_Task_Child_Flow":{"runAfter":{},"metadata":{"operationMetadataId":"a50219e3-2770-48fd-8db8-c2c9918f0e4c"},"type":"Workflow","inputs":{"host":{"workflowReferenceName":"bea26c65-f743-ec11-8c62-000d3af45a11"},"body":{"text":"@items('For_each_Contact_Creation_Requests_to_retry')?['rpo_firstname']","text_1":"@items('For_each_Contact_Creation_Requests_to_retry')?['rpo_name']"}}},"If_Contact_correctly_created_update_flag_on_Request":{"actions":{"Update_flag_on_Contact_Creation_Request_row":{"runAfter":{},"metadata":{"operationMetadataId":"04758e76-5d00-47b8-883e-09a353fd86b1"},"type":"OpenApiConnection","inputs":{"host":{"connectionName":"shared_commondataserviceforapps","operationId":"UpdateRecord","apiId":"/providers/Microsoft.PowerApps/apis/shared_commondataserviceforapps"},"parameters":{"entityName":"rpo_contactcreationrequests","recordId":"@items('For_each_Contact_Creation_Requests_to_retry')?['rpo_contactcreationrequestid']","item/rpo_contactcreated":true},"authentication":{"type":"Raw","value":"@json(decodeBase64(triggerOutputs().headers['X-MS-APIM-Tokens']))['$ConnectionKey']"}}},"Notification_-_Contact_Creation_-_Success":{"runAfter":{"Update_flag_on_Contact_Creation_Request_row":["Succeeded"]},"metadata":{"operationMetadataId":"8ac4dfbd-8312-44ff-9a09-a1768383e700"},"type":"OpenApiConnection","inputs":{"host":{"connectionName":"shared_commondataserviceforapps","operationId":"CreateRecord","apiId":"/providers/Microsoft.PowerApps/apis/shared_commondataserviceforapps"},"parameters":{"entityName":"appnotifications","item/title":"✅ Contact created!","item/body":"The contact \"@{body('Run_Create_Contact_+_Task_Child_Flow')?['contactfullname']}\" and the associated task have been correctly created.","item/data":"{\n  \"actions\": [\n        {\n        \"title\": \"Open Contact\",\n        \"data\": {\n            \"url\": \"?pagetype=entityrecord&etn=contact&id=@{body('Run_Create_Contact_+_Task_Child_Flow')?['contactguid']}\",\n            \"navigationTarget\": \"inline\"\n               }        \n        }\n      ]\n     }","item/ttlinseconds":1200,"item/icontype":100000001,"item/ownerid@odata.bind":"/systemusers(@{items('For_each_Contact_Creation_Requests_to_retry')?['_createdby_value']})","item/priority":200000000,"item/toasttype":200000000},"authentication":{"type":"Raw","value":"@json(decodeBase64(triggerOutputs().headers['X-MS-APIM-Tokens']))['$ConnectionKey']"}}}},"runAfter":{"Compose":["Succeeded"]},"else":{"actions":{"Notification_-_Contact_Creation_-_Something_went_wrong":{"runAfter":{},"metadata":{"operationMetadataId":"8dfd59a2-4855-46a3-93d1-b2734ad5697f"},"type":"OpenApiConnection","inputs":{"host":{"connectionName":"shared_commondataserviceforapps","operationId":"CreateRecord","apiId":"/providers/Microsoft.PowerApps/apis/shared_commondataserviceforapps"},"parameters":{"entityName":"appnotifications","item/title":"❌ Something went wrong in Contact creation","item/body":"Something went wrong in the contact and the associated task creation. An administrator will be notifiy to take action.","item/icontype":100000002,"item/ownerid@odata.bind":"/systemusers(@{items('For_each_Contact_Creation_Requests_to_retry')?['_createdby_value']})","item/priority":200000001,"item/toasttype":200000000},"authentication":{"type":"Raw","value":"@json(decodeBase64(triggerOutputs().headers['X-MS-APIM-Tokens']))['$ConnectionKey']"}}}}},"expression":{"equals":["@body('Run_Create_Contact_+_Task_Child_Flow')?['jobdone']","True"]},"metadata":{"operationMetadataId":"21b8b0d2-eb4f-4cc2-80a5-6b4b309d9223"},"type":"If"},"Compose":{"runAfter":{"Run_Create_Contact_+_Task_Child_Flow":["Succeeded"]},"metadata":{"operationMetadataId":"5efdb9e8-df12-4581-87d6-e23f08473497"},"type":"Compose","inputs":"@items('For_each_Contact_Creation_Requests_to_retry')?['_createdby_value']"}},"runAfter":{"List_Contact_Creation_Requests_to_retry":["Succeeded"]},"metadata":{"operationMetadataId":"e5ce877e-bd16-4791-8c69-65fdc7d7bcba"},"type":"Foreach"}}}},"schemaVersion":"1.0.0.0"}