<ImportExportXml version="9.1.0.13230" SolutionPackageVersion="9.1" languagecode="1033" generatedBy="CrmLive" xmlns:xsi="http://www.w3.org/2001/XMLSchema-instance">
  <SolutionManifest>
    <UniqueName>OnboardingDemo</UniqueName>
    <LocalizedNames>
      <LocalizedName description="Onboarding Demo" languagecode="1033" />
    </LocalizedNames>
    <Descriptions />
    <Version>1.0</Version>
    <Managed>0</Managed>
    <Publisher>
      <UniqueName>Cr70d5b</UniqueName>
      <LocalizedNames>
        <LocalizedName description="CDS Default Publisher" languagecode="1033" />
      </LocalizedNames>
      <Descriptions />
      <EMailAddress xsi:nil="true"></EMailAddress>
      <SupportingWebsiteUrl xsi:nil="true"></SupportingWebsiteUrl>
      <CustomizationPrefix>crc46</CustomizationPrefix>
      <CustomizationOptionValuePrefix>92831</CustomizationOptionValuePrefix>
      <Addresses>
        <Address>
          <AddressNumber>1</AddressNumber>
          <AddressTypeCode xsi:nil="true"></AddressTypeCode>
          <City xsi:nil="true"></City>
          <County xsi:nil="true"></County>
          <Country xsi:nil="true"></Country>
          <Fax xsi:nil="true"></Fax>
          <FreightTermsCode xsi:nil="true"></FreightTermsCode>
          <ImportSequenceNumber xsi:nil="true"></ImportSequenceNumber>
          <Latitude xsi:nil="true"></Latitude>
          <Line1 xsi:nil="true"></Line1>
          <Line2 xsi:nil="true"></Line2>
          <Line3 xsi:nil="true"></Line3>
          <Longitude xsi:nil="true"></Longitude>
          <Name xsi:nil="true"></Name>
          <PostalCode xsi:nil="true"></PostalCode>
          <PostOfficeBox xsi:nil="true"></PostOfficeBox>
          <PrimaryContactName xsi:nil="true"></PrimaryContactName>
          <ShippingMethodCode xsi:nil="true"></ShippingMethodCode>
          <StateOrProvince xsi:nil="true"></StateOrProvince>
          <Telephone1 xsi:nil="true"></Telephone1>
          <Telephone2 xsi:nil="true"></Telephone2>
          <Telephone3 xsi:nil="true"></Telephone3>
          <TimeZoneRuleVersionNumber xsi:nil="true"></TimeZoneRuleVersionNumber>
          <UPSZone xsi:nil="true"></UPSZone>
          <UTCOffset xsi:nil="true"></UTCOffset>
          <UTCConversionTimeZoneCode xsi:nil="true"></UTCConversionTimeZoneCode>
        </Address>
        <Address>
          <AddressNumber>2</AddressNumber>
          <AddressTypeCode xsi:nil="true"></AddressTypeCode>
          <City xsi:nil="true"></City>
          <County xsi:nil="true"></County>
          <Country xsi:nil="true"></Country>
          <Fax xsi:nil="true"></Fax>
          <FreightTermsCode xsi:nil="true"></FreightTermsCode>
          <ImportSequenceNumber xsi:nil="true"></ImportSequenceNumber>
          <Latitude xsi:nil="true"></Latitude>
          <Line1 xsi:nil="true"></Line1>
          <Line2 xsi:nil="true"></Line2>
          <Line3 xsi:nil="true"></Line3>
          <Longitude xsi:nil="true"></Longitude>
          <Name xsi:nil="true"></Name>
          <PostalCode xsi:nil="true"></PostalCode>
          <PostOfficeBox xsi:nil="true"></PostOfficeBox>
          <PrimaryContactName xsi:nil="true"></PrimaryContactName>
          <ShippingMethodCode xsi:nil="true"></ShippingMethodCode>
          <StateOrProvince xsi:nil="true"></StateOrProvince>
          <Telephone1 xsi:nil="true"></Telephone1>
          <Telephone2 xsi:nil="true"></Telephone2>
          <Telephone3 xsi:nil="true"></Telephone3>
          <TimeZoneRuleVersionNumber xsi:nil="true"></TimeZoneRuleVersionNumber>
          <UPSZone xsi:nil="true"></UPSZone>
          <UTCOffset xsi:nil="true"></UTCOffset>
          <UTCConversionTimeZoneCode xsi:nil="true"></UTCConversionTimeZoneCode>
        </Address>
      </Addresses>
    </Publisher>
    <RootComponents>
      <RootComponent type="1" schemaName="cdm_worker" behavior="0" />
      <RootComponent type="1" schemaName="crc46_onboardingfeedback" behavior="0" />
      <RootComponent type="1" schemaName="crc46_onboardingtask" behavior="0" />
      <RootComponent type="1" schemaName="crc46_workeronboarding" behavior="0" />
      <RootComponent type="1" schemaName="crc46_workeronboardingcontact" behavior="0" />
      <RootComponent type="1" schemaName="msdyn_candidate" behavior="0" />
      <RootComponent type="9" schemaName="crc46_carcategory" behavior="0" />
      <RootComponent type="9" schemaName="crc46_laptopcategory" behavior="0" />
      <RootComponent type="9" schemaName="crc46_mobilephonecategory" behavior="0" />
      <RootComponent type="9" schemaName="crc46_onboardingglobalrating" behavior="0" />
      <RootComponent type="9" schemaName="crc46_onboardingtasktype" behavior="0" />
      <RootComponent type="9" schemaName="crc46_uerprofile" behavior="0" />
      <RootComponent type="29" id="{2afb0260-7a50-ea11-a812-000d3a8c9f3b}" behavior="0" />
      <RootComponent type="29" id="{7827e778-1450-ea11-a812-000d3a8c9f3b}" behavior="0" />
      <RootComponent type="29" id="{8a89297b-3b50-ea11-a812-000d3a8c9f3b}" behavior="0" />
      <RootComponent type="29" id="{9368d24d-0e50-ea11-a812-000d3a8c9f3b}" behavior="0" />
      <RootComponent type="29" id="{9d1461b0-e850-ea11-a812-000d3a8c9f3b}" behavior="0" />
      <RootComponent type="29" id="{aa9ec678-4650-ea11-a812-000d3a8c9f3b}" behavior="0" />
      <RootComponent type="29" id="{b894bb74-f951-ea11-a812-000d3a8c9f3b}" behavior="0" />
      <RootComponent type="29" id="{d6470c9a-8250-ea11-a812-000d3a8c9f3b}" behavior="0" />
      <RootComponent type="29" id="{df48b7e0-f551-ea11-a812-000d3a8c9f3b}" behavior="0" />
      <RootComponent type="29" id="{e0e70cb4-8050-ea11-a812-000d3a8c9f3b}" behavior="0" />
      <RootComponent type="60" id="{18d21fcc-7350-ea11-a812-000d3a8c9f3b}" behavior="0" />
      <RootComponent type="60" id="{59244adf-93c3-45f1-a998-596743add700}" behavior="0" />
      <RootComponent type="60" id="{6904302b-6052-4355-9ce6-83bfc4c79050}" behavior="0" />
      <RootComponent type="60" id="{a8943f44-7850-ea11-a812-000d3a8c9f3b}" behavior="0" />
      <RootComponent type="60" id="{c4853d18-1514-4fef-a300-9d880843b543}" behavior="0" />
      <RootComponent type="61" schemaName="crc46_CongratsBanner" behavior="0" />
      <RootComponent type="61" schemaName="crc46_WelcomeBanner" behavior="0" />
      <RootComponent type="62" schemaName="crc46_OnboardingHub" behavior="0" />
      <RootComponent type="80" schemaName="crc46_OnboardingHub" behavior="0" />
      <RootComponent type="300" schemaName="crc46_candidatesmanagementapp_019fa" behavior="0" />
      <RootComponent type="300" schemaName="crc46_onboardingcontactsmanagementapp_fcaf9" behavior="0" />
    </RootComponents>
    <MissingDependencies>
      <MissingDependency>
        <Required key="0" type="1" schemaName="cdm_worker" displayName="Worker" solution="HCMCommon (2.1.29.1)" />
        <Dependent key="0" type="1" schemaName="cdm_worker" displayName="Worker" />
      </MissingDependency>
      <MissingDependency>
        <Required key="1" type="1" schemaName="msdyn_candidate" displayName="Candidate" solution="msdyn_TalentApp (6.217.0)" />
        <Dependent key="1" type="1" schemaName="msdyn_candidate" displayName="Candidate" />
      </MissingDependency>
      <MissingDependency>
        <Required key="1" type="1" schemaName="msdyn_candidate" displayName="Candidate" solution="msdyn_TalentApp (6.217.0)" />
        <Dependent key="2" type="2" schemaName="msdyn_contactidyominame" parentSchemaName="msdyn_candidate" parentDisplayName="Candidate" />
      </MissingDependency>
      <MissingDependency>
        <Required key="0" type="1" schemaName="cdm_worker" displayName="Worker" solution="HCMCommon (2.1.29.1)" />
        <Dependent key="3" type="2" schemaName="cdm_managerworkeridname" parentSchemaName="cdm_worker" parentDisplayName="Worker" />
      </MissingDependency>
      <MissingDependency>
        <Required key="1" type="1" schemaName="msdyn_candidate" displayName="Candidate" solution="msdyn_TalentApp (6.217.0)" />
        <Dependent key="4" type="2" schemaName="modifiedonbehalfby" displayName="Modified By (Delegate)" parentSchemaName="msdyn_candidate" parentDisplayName="Candidate" />
      </MissingDependency>
      <MissingDependency>
        <Required key="1" type="1" schemaName="msdyn_candidate" displayName="Candidate" solution="msdyn_TalentApp (6.217.0)" />
        <Dependent key="5" type="2" schemaName="owneridtype" parentSchemaName="msdyn_candidate" parentDisplayName="Candidate" />
      </MissingDependency>
      <MissingDependency>
        <Required key="1" type="1" schemaName="msdyn_candidate" displayName="Candidate" solution="msdyn_TalentApp (6.217.0)" />
        <Dependent key="6" type="2" schemaName="msdyn_contactidname" parentSchemaName="msdyn_candidate" parentDisplayName="Candidate" />
      </MissingDependency>
      <MissingDependency>
        <Required key="0" type="1" schemaName="cdm_worker" displayName="Worker" solution="HCMCommon (2.1.29.1)" />
        <Dependent key="7" type="2" schemaName="cdm_socialnetwork01name" parentSchemaName="cdm_worker" parentDisplayName="Worker" />
      </MissingDependency>
      <MissingDependency>
        <Required key="1" type="1" schemaName="msdyn_candidate" displayName="Candidate" solution="msdyn_TalentApp (6.217.0)" />
        <Dependent key="8" type="2" schemaName="createdonbehalfbyname" parentSchemaName="msdyn_candidate" parentDisplayName="Candidate" />
      </MissingDependency>
      <MissingDependency>
        <Required key="1" type="1" schemaName="msdyn_candidate" displayName="Candidate" solution="msdyn_TalentApp (6.217.0)" />
        <Dependent key="9" type="2" schemaName="modifiedonbehalfbyyominame" parentSchemaName="msdyn_candidate" parentDisplayName="Candidate" />
      </MissingDependency>
      <MissingDependency>
        <Required key="1" type="1" schemaName="msdyn_candidate" displayName="Candidate" solution="msdyn_TalentApp (6.217.0)" />
        <Dependent key="10" type="2" schemaName="modifiedbyname" parentSchemaName="msdyn_candidate" parentDisplayName="Candidate" />
      </MissingDependency>
      <MissingDependency>
        <Required key="0" type="1" schemaName="cdm_worker" displayName="Worker" solution="HCMCommon (2.1.29.1)" />
        <Dependent key="11" type="2" schemaName="cdm_gendername" parentSchemaName="cdm_worker" parentDisplayName="Worker" />
      </MissingDependency>
      <MissingDependency>
        <Required key="1" type="1" schemaName="msdyn_candidate" displayName="Candidate" solution="msdyn_TalentApp (6.217.0)" />
        <Dependent key="12" type="2" schemaName="owningteam" displayName="Owning Team" parentSchemaName="msdyn_candidate" parentDisplayName="Candidate" />
      </MissingDependency>
      <MissingDependency>
        <Required key="0" type="1" schemaName="cdm_worker" displayName="Worker" solution="HCMCommon (2.1.29.1)" />
        <Dependent key="13" type="2" schemaName="createdbyname" parentSchemaName="cdm_worker" parentDisplayName="Worker" />
      </MissingDependency>
      <MissingDependency>
        <Required key="0" type="1" schemaName="cdm_worker" displayName="Worker" solution="HCMCommon (2.1.29.1)" />
        <Dependent key="14" type="2" schemaName="cdm_isphonecontactallowedname" parentSchemaName="cdm_worker" parentDisplayName="Worker" />
      </MissingDependency>
      <MissingDependency>
        <Required key="1" type="1" schemaName="msdyn_candidate" displayName="Candidate" solution="msdyn_TalentApp (6.217.0)" />
        <Dependent key="15" type="2" schemaName="crc46_joboffersentname" parentSchemaName="msdyn_candidate" parentDisplayName="Candidate" />
      </MissingDependency>
      <MissingDependency>
        <Required key="1" type="1" schemaName="msdyn_candidate" displayName="Candidate" solution="msdyn_TalentApp (6.217.0)" />
        <Dependent key="16" type="2" schemaName="msdyn_candidatestatusname" parentSchemaName="msdyn_candidate" parentDisplayName="Candidate" />
      </MissingDependency>
      <MissingDependency>
        <Required key="1" type="1" schemaName="msdyn_candidate" displayName="Candidate" solution="msdyn_TalentApp (6.217.0)" />
        <Dependent key="17" type="2" schemaName="modifiedbyyominame" parentSchemaName="msdyn_candidate" parentDisplayName="Candidate" />
      </MissingDependency>
      <MissingDependency>
        <Required key="1" type="1" schemaName="msdyn_candidate" displayName="Candidate" solution="msdyn_TalentApp (6.217.0)" />
        <Dependent key="18" type="2" schemaName="owneriddsc" parentSchemaName="msdyn_candidate" parentDisplayName="Candidate" />
      </MissingDependency>
      <MissingDependency>
        <Required key="1" type="1" schemaName="msdyn_candidate" displayName="Candidate" solution="msdyn_TalentApp (6.217.0)" />
        <Dependent key="19" type="2" schemaName="msdyn_gendername" parentSchemaName="msdyn_candidate" parentDisplayName="Candidate" />
      </MissingDependency>
      <MissingDependency>
        <Required key="0" type="1" schemaName="cdm_worker" displayName="Worker" solution="HCMCommon (2.1.29.1)" />
        <Dependent key="20" type="2" schemaName="modifiedonbehalfbyname" parentSchemaName="cdm_worker" parentDisplayName="Worker" />
      </MissingDependency>
      <MissingDependency>
        <Required key="1" type="1" schemaName="msdyn_candidate" displayName="Candidate" solution="msdyn_TalentApp (6.217.0)" />
        <Dependent key="21" type="2" schemaName="statecodename" parentSchemaName="msdyn_candidate" parentDisplayName="Candidate" />
      </MissingDependency>
      <MissingDependency>
        <Required key="1" type="1" schemaName="msdyn_candidate" displayName="Candidate" solution="msdyn_TalentApp (6.217.0)" />
        <Dependent key="22" type="2" schemaName="msdyn_sourcename" parentSchemaName="msdyn_candidate" parentDisplayName="Candidate" />
      </MissingDependency>
      <MissingDependency>
        <Required key="0" type="1" schemaName="cdm_worker" displayName="Worker" solution="HCMCommon (2.1.29.1)" />
        <Dependent key="23" type="2" schemaName="cdm_socialnetwork02name" parentSchemaName="cdm_worker" parentDisplayName="Worker" />
      </MissingDependency>
      <MissingDependency>
        <Required key="1" type="1" schemaName="msdyn_candidate" displayName="Candidate" solution="msdyn_TalentApp (6.217.0)" />
        <Dependent key="24" type="2" schemaName="versionnumber" displayName="Version Number" parentSchemaName="msdyn_candidate" parentDisplayName="Candidate" />
      </MissingDependency>
      <MissingDependency>
        <Required key="1" type="1" schemaName="msdyn_candidate" displayName="Candidate" solution="msdyn_TalentApp (6.217.0)" />
        <Dependent key="25" type="2" schemaName="owneridyominame" parentSchemaName="msdyn_candidate" parentDisplayName="Candidate" />
      </MissingDependency>
      <MissingDependency>
        <Required key="1" type="1" schemaName="msdyn_candidate" displayName="Candidate" solution="msdyn_TalentApp (6.217.0)" />
        <Dependent key="26" type="2" schemaName="msdyn_issyncedwithlinkedinname" parentSchemaName="msdyn_candidate" parentDisplayName="Candidate" />
      </MissingDependency>
      <MissingDependency>
        <Required key="0" type="1" schemaName="cdm_worker" displayName="Worker" solution="HCMCommon (2.1.29.1)" />
        <Dependent key="27" type="2" schemaName="owneridyominame" parentSchemaName="cdm_worker" parentDisplayName="Worker" />
      </MissingDependency>
      <MissingDependency>
        <Required key="1" type="1" schemaName="msdyn_candidate" displayName="Candidate" solution="msdyn_TalentApp (6.217.0)" />
        <Dependent key="28" type="2" schemaName="createdbyyominame" parentSchemaName="msdyn_candidate" parentDisplayName="Candidate" />
      </MissingDependency>
      <MissingDependency>
        <Required key="1" type="1" schemaName="msdyn_candidate" displayName="Candidate" solution="msdyn_TalentApp (6.217.0)" />
        <Dependent key="29" type="2" schemaName="crc46_jobofferaccepted" displayName="Job Offer Accepted" parentSchemaName="msdyn_candidate" parentDisplayName="Candidate" />
      </MissingDependency>
      <MissingDependency>
        <Required key="1" type="1" schemaName="msdyn_candidate" displayName="Candidate" solution="msdyn_TalentApp (6.217.0)" />
        <Dependent key="30" type="2" schemaName="modifiedonbehalfbyname" parentSchemaName="msdyn_candidate" parentDisplayName="Candidate" />
      </MissingDependency>
      <MissingDependency>
        <Required key="0" type="1" schemaName="cdm_worker" displayName="Worker" solution="HCMCommon (2.1.29.1)" />
        <Dependent key="31" type="60" displayName=" quick view form" parentDisplayName="Worker" id="{18d21fcc-7350-ea11-a812-000d3a8c9f3b}" />
      </MissingDependency>
      <MissingDependency>
        <Required key="1" type="1" schemaName="msdyn_candidate" displayName="Candidate" solution="msdyn_TalentApp (6.217.0)" />
        <Dependent key="32" type="2" schemaName="ownerid" displayName="Owner" parentSchemaName="msdyn_candidate" parentDisplayName="Candidate" />
      </MissingDependency>
      <MissingDependency>
        <Required key="1" type="1" schemaName="msdyn_candidate" displayName="Candidate" solution="msdyn_TalentApp (6.217.0)" />
        <Dependent key="33" type="2" schemaName="msdyn_candidatestatusreasonname" parentSchemaName="msdyn_candidate" parentDisplayName="Candidate" />
      </MissingDependency>
      <MissingDependency>
        <Required key="0" type="1" schemaName="cdm_worker" displayName="Worker" solution="HCMCommon (2.1.29.1)" />
        <Dependent key="34" type="2" schemaName="ownerid" displayName="Owner" parentSchemaName="cdm_worker" parentDisplayName="Worker" />
      </MissingDependency>
      <MissingDependency>
        <Required key="1" type="1" schemaName="msdyn_candidate" displayName="Candidate" solution="msdyn_TalentApp (6.217.0)" />
        <Dependent key="35" type="2" schemaName="createdonbehalfbyyominame" parentSchemaName="msdyn_candidate" parentDisplayName="Candidate" />
      </MissingDependency>
      <MissingDependency>
        <Required key="0" type="1" schemaName="cdm_worker" displayName="Worker" solution="HCMCommon (2.1.29.1)" />
        <Dependent key="36" type="2" schemaName="modifiedonbehalfby" displayName="Modified By (Delegate)" parentSchemaName="cdm_worker" parentDisplayName="Worker" />
      </MissingDependency>
      <MissingDependency>
        <Required key="1" type="1" schemaName="msdyn_candidate" displayName="Candidate" solution="msdyn_TalentApp (6.217.0)" />
        <Dependent key="37" type="2" schemaName="msdyn_isopentonewjobname" parentSchemaName="msdyn_candidate" parentDisplayName="Candidate" />
      </MissingDependency>
      <MissingDependency>
        <Required key="0" type="1" schemaName="cdm_worker" displayName="Worker" solution="HCMCommon (2.1.29.1)" />
        <Dependent key="38" type="2" schemaName="owninguser" displayName="Owning User" parentSchemaName="cdm_worker" parentDisplayName="Worker" />
      </MissingDependency>
      <MissingDependency>
        <Required key="0" type="1" schemaName="cdm_worker" displayName="Worker" solution="HCMCommon (2.1.29.1)" />
        <Dependent key="39" type="2" schemaName="createdonbehalfby" displayName="Created By (Delegate)" parentSchemaName="cdm_worker" parentDisplayName="Worker" />
      </MissingDependency>
      <MissingDependency>
        <Required key="0" type="1" schemaName="cdm_worker" displayName="Worker" solution="HCMCommon (2.1.29.1)" />
        <Dependent key="40" type="2" schemaName="modifiedby" displayName="Modified By" parentSchemaName="cdm_worker" parentDisplayName="Worker" />
      </MissingDependency>
      <MissingDependency>
        <Required key="0" type="1" schemaName="cdm_worker" displayName="Worker" solution="HCMCommon (2.1.29.1)" />
        <Dependent key="41" type="2" schemaName="cdm_isemailcontactallowedname" parentSchemaName="cdm_worker" parentDisplayName="Worker" />
      </MissingDependency>
      <MissingDependency>
        <Required key="1" type="1" schemaName="msdyn_candidate" displayName="Candidate" solution="msdyn_TalentApp (6.217.0)" />
        <Dependent key="42" type="2" schemaName="statuscodename" parentSchemaName="msdyn_candidate" parentDisplayName="Candidate" />
      </MissingDependency>
      <MissingDependency>
        <Required key="0" type="1" schemaName="cdm_worker" displayName="Worker" solution="HCMCommon (2.1.29.1)" />
        <Dependent key="43" type="2" schemaName="versionnumber" displayName="Version Number" parentSchemaName="cdm_worker" parentDisplayName="Worker" />
      </MissingDependency>
      <MissingDependency>
        <Required key="0" type="1" schemaName="cdm_worker" displayName="Worker" solution="HCMCommon (2.1.29.1)" />
        <Dependent key="44" type="2" schemaName="owningteam" displayName="Owning Team" parentSchemaName="cdm_worker" parentDisplayName="Worker" />
      </MissingDependency>
      <MissingDependency>
        <Required key="1" type="1" schemaName="msdyn_candidate" displayName="Candidate" solution="msdyn_TalentApp (6.217.0)" />
        <Dependent key="45" type="2" schemaName="owneridname" parentSchemaName="msdyn_candidate" parentDisplayName="Candidate" />
      </MissingDependency>
      <MissingDependency>
        <Required key="0" type="1" schemaName="cdm_worker" displayName="Worker" solution="HCMCommon (2.1.29.1)" />
        <Dependent key="46" type="2" schemaName="createdonbehalfbyyominame" parentSchemaName="cdm_worker" parentDisplayName="Worker" />
      </MissingDependency>
      <MissingDependency>
        <Required key="0" type="1" schemaName="cdm_worker" displayName="Worker" solution="HCMCommon (2.1.29.1)" />
        <Dependent key="47" type="2" schemaName="cdm_typename" parentSchemaName="cdm_worker" parentDisplayName="Worker" />
      </MissingDependency>
      <MissingDependency>
        <Required key="1" type="1" schemaName="msdyn_candidate" displayName="Candidate" solution="msdyn_TalentApp (6.217.0)" />
        <Dependent key="48" type="2" schemaName="modifiedby" displayName="Modified By" parentSchemaName="msdyn_candidate" parentDisplayName="Candidate" />
      </MissingDependency>
      <MissingDependency>
        <Required key="0" type="1" schemaName="cdm_worker" displayName="Worker" solution="HCMCommon (2.1.29.1)" />
        <Dependent key="49" type="2" schemaName="statecodename" parentSchemaName="cdm_worker" parentDisplayName="Worker" />
      </MissingDependency>
      <MissingDependency>
        <Required key="0" type="1" schemaName="cdm_worker" displayName="Worker" solution="HCMCommon (2.1.29.1)" />
        <Dependent key="50" type="2" schemaName="modifiedbyyominame" parentSchemaName="cdm_worker" parentDisplayName="Worker" />
      </MissingDependency>
      <MissingDependency>
        <Required key="0" type="1" schemaName="cdm_worker" displayName="Worker" solution="HCMCommon (2.1.29.1)" />
        <Dependent key="51" type="2" schemaName="owneridname" parentSchemaName="cdm_worker" parentDisplayName="Worker" />
      </MissingDependency>
      <MissingDependency>
        <Required key="1" type="1" schemaName="msdyn_candidate" displayName="Candidate" solution="msdyn_TalentApp (6.217.0)" />
        <Dependent key="52" type="2" schemaName="crc46_jobofferacceptedname" parentSchemaName="msdyn_candidate" parentDisplayName="Candidate" />
      </MissingDependency>
      <MissingDependency>
        <Required key="0" type="1" schemaName="cdm_worker" displayName="Worker" solution="HCMCommon (2.1.29.1)" />
        <Dependent key="53" type="2" schemaName="modifiedbyname" parentSchemaName="cdm_worker" parentDisplayName="Worker" />
      </MissingDependency>
      <MissingDependency>
        <Required key="0" type="1" schemaName="cdm_worker" displayName="Worker" solution="HCMCommon (2.1.29.1)" />
        <Dependent key="54" type="2" schemaName="cdm_statusname" parentSchemaName="cdm_worker" parentDisplayName="Worker" />
      </MissingDependency>
      <MissingDependency>
        <Required key="0" type="1" schemaName="cdm_worker" displayName="Worker" solution="HCMCommon (2.1.29.1)" />
        <Dependent key="55" type="2" schemaName="createdby" displayName="Created By" parentSchemaName="cdm_worker" parentDisplayName="Worker" />
      </MissingDependency>
      <MissingDependency>
        <Required key="0" type="1" schemaName="cdm_worker" displayName="Worker" solution="HCMCommon (2.1.29.1)" />
        <Dependent key="56" type="2" schemaName="msdyn_useridyominame" parentSchemaName="cdm_worker" parentDisplayName="Worker" />
      </MissingDependency>
      <MissingDependency>
        <Required key="0" type="1" schemaName="cdm_worker" displayName="Worker" solution="HCMCommon (2.1.29.1)" />
        <Dependent key="57" type="2" schemaName="createdbyyominame" parentSchemaName="cdm_worker" parentDisplayName="Worker" />
      </MissingDependency>
      <MissingDependency>
        <Required key="1" type="1" schemaName="msdyn_candidate" displayName="Candidate" solution="msdyn_TalentApp (6.217.0)" />
        <Dependent key="58" type="2" schemaName="msdyn_iswillingtorelocatename" parentSchemaName="msdyn_candidate" parentDisplayName="Candidate" />
      </MissingDependency>
      <MissingDependency>
        <Required key="1" type="1" schemaName="msdyn_candidate" displayName="Candidate" solution="msdyn_TalentApp (6.217.0)" />
        <Dependent key="59" type="2" schemaName="msdyn_workeridname" parentSchemaName="msdyn_candidate" parentDisplayName="Candidate" />
      </MissingDependency>
      <MissingDependency>
        <Required key="1" type="1" schemaName="msdyn_candidate" displayName="Candidate" solution="msdyn_TalentApp (6.217.0)" />
        <Dependent key="60" type="2" schemaName="createdonbehalfby" displayName="Created By (Delegate)" parentSchemaName="msdyn_candidate" parentDisplayName="Candidate" />
      </MissingDependency>
      <MissingDependency>
        <Required key="0" type="1" schemaName="cdm_worker" displayName="Worker" solution="HCMCommon (2.1.29.1)" />
        <Dependent key="61" type="2" schemaName="owneriddsc" parentSchemaName="cdm_worker" parentDisplayName="Worker" />
      </MissingDependency>
      <MissingDependency>
        <Required key="0" type="1" schemaName="cdm_worker" displayName="Worker" solution="HCMCommon (2.1.29.1)" />
        <Dependent key="62" type="2" schemaName="statuscodename" parentSchemaName="cdm_worker" parentDisplayName="Worker" />
      </MissingDependency>
      <MissingDependency>
        <Required key="0" type="1" schemaName="cdm_worker" displayName="Worker" solution="HCMCommon (2.1.29.1)" />
        <Dependent key="63" type="2" schemaName="owneridtype" parentSchemaName="cdm_worker" parentDisplayName="Worker" />
      </MissingDependency>
      <MissingDependency>
        <Required key="1" type="1" schemaName="msdyn_candidate" displayName="Candidate" solution="msdyn_TalentApp (6.217.0)" />
        <Dependent key="64" type="2" schemaName="createdby" displayName="Created By" parentSchemaName="msdyn_candidate" parentDisplayName="Candidate" />
      </MissingDependency>
      <MissingDependency>
        <Required key="0" type="1" schemaName="cdm_worker" displayName="Worker" solution="HCMCommon (2.1.29.1)" />
        <Dependent key="65" type="2" schemaName="createdonbehalfbyname" parentSchemaName="cdm_worker" parentDisplayName="Worker" />
      </MissingDependency>
      <MissingDependency>
        <Required key="0" type="1" schemaName="cdm_worker" displayName="Worker" solution="HCMCommon (2.1.29.1)" />
        <Dependent key="66" type="2" schemaName="modifiedonbehalfbyyominame" parentSchemaName="cdm_worker" parentDisplayName="Worker" />
      </MissingDependency>
      <MissingDependency>
        <Required key="0" type="1" schemaName="cdm_worker" displayName="Worker" solution="HCMCommon (2.1.29.1)" />
        <Dependent key="67" type="2" schemaName="owningbusinessunit" displayName="Owning Business Unit" parentSchemaName="cdm_worker" parentDisplayName="Worker" />
      </MissingDependency>
      <MissingDependency>
        <Required key="0" type="1" schemaName="cdm_worker" displayName="Worker" solution="HCMCommon (2.1.29.1)" />
        <Dependent key="68" type="2" schemaName="msdyn_useridname" parentSchemaName="cdm_worker" parentDisplayName="Worker" />
      </MissingDependency>
      <MissingDependency>
        <Required key="1" type="1" schemaName="msdyn_candidate" displayName="Candidate" solution="msdyn_TalentApp (6.217.0)" />
        <Dependent key="69" type="2" schemaName="crc46_joboffersent" displayName="Job Offer Sent" parentSchemaName="msdyn_candidate" parentDisplayName="Candidate" />
      </MissingDependency>
      <MissingDependency>
        <Required key="1" type="1" schemaName="msdyn_candidate" displayName="Candidate" solution="msdyn_TalentApp (6.217.0)" />
        <Dependent key="70" type="2" schemaName="owninguser" displayName="Owning User" parentSchemaName="msdyn_candidate" parentDisplayName="Candidate" />
      </MissingDependency>
      <MissingDependency>
        <Required key="1" type="1" schemaName="msdyn_candidate" displayName="Candidate" solution="msdyn_TalentApp (6.217.0)" />
        <Dependent key="71" type="2" schemaName="createdbyname" parentSchemaName="msdyn_candidate" parentDisplayName="Candidate" />
      </MissingDependency>
      <MissingDependency>
        <Required key="0" type="1" schemaName="cdm_worker" displayName="Worker" solution="HCMCommon (2.1.29.1)" />
        <Dependent key="72" type="29" displayName="Service - Actions based on Onboarding Survey responses" id="{9d1461b0-e850-ea11-a812-000d3a8c9f3b}" />
      </MissingDependency>
      <MissingDependency>
        <Required key="0" type="1" schemaName="cdm_worker" displayName="Worker" solution="HCMCommon (2.1.29.1)" />
        <Dependent key="73" type="26" schemaName="Active Worker Onboardings" displayName="Active Worker Onboardings" parentSchemaName="crc46_workeronboarding" parentDisplayName="Worker Onboarding" id="{565faeda-e708-4959-b2ff-04f45046f3fa}" />
      </MissingDependency>
      <MissingDependency>
        <Required key="0" type="1" schemaName="cdm_worker" displayName="Worker" solution="HCMCommon (2.1.29.1)" />
        <Dependent key="74" type="29" displayName="Worker Onboarding (Update) - Actions when Status set to In Preparation" id="{e0e70cb4-8050-ea11-a812-000d3a8c9f3b}" />
      </MissingDependency>
      <MissingDependency>
        <Required key="0" type="1" schemaName="cdm_worker" displayName="Worker" solution="HCMCommon (2.1.29.1)" />
        <Dependent key="75" type="10" schemaName="msdyn_systemuser_cdm_worker" displayName="msdyn_systemuser_cdm_worker" parentSchemaName="systemuser" parentDisplayName="User" />
      </MissingDependency>
      <MissingDependency>
        <Required key="0" type="1" schemaName="cdm_worker" displayName="Worker" solution="HCMCommon (2.1.29.1)" />
        <Dependent key="76" type="10" schemaName="cdm_manager_worker" displayName="cdm_manager_worker" parentSchemaName="cdm_worker" parentDisplayName="Worker" />
      </MissingDependency>
      <MissingDependency>
        <Required key="0" type="1" schemaName="cdm_worker" displayName="Worker" solution="HCMCommon (2.1.29.1)" />
        <Dependent key="77" type="300" schemaName="crc46_onboardingcontactsmanagementapp_fcaf9" displayName="Onboarding Contacts Management App" />
      </MissingDependency>
      <MissingDependency>
        <Required key="0" type="1" schemaName="cdm_worker" displayName="Worker" solution="HCMCommon (2.1.29.1)" />
        <Dependent key="78" type="300" schemaName="crc46_candidatesmanagementapp_019fa" displayName="Candidates Management App" />
      </MissingDependency>
      <MissingDependency>
        <Required key="0" type="1" schemaName="cdm_worker" displayName="Worker" solution="HCMCommon (2.1.29.1)" />
        <Dependent key="79" type="10" schemaName="msdyn_cdm_worker_msdyn_candidate" displayName="msdyn_cdm_worker_msdyn_candidate" parentSchemaName="cdm_worker" parentDisplayName="Worker" />
      </MissingDependency>
      <MissingDependency>
        <Required key="0" type="1" schemaName="cdm_worker" displayName="Worker" solution="HCMCommon (2.1.29.1)" />
        <Dependent key="80" type="10" schemaName="crc46_workeronboarding_Worker_cdm_worker" displayName="crc46_workeronboarding_Worker_cdm_worker" parentSchemaName="cdm_worker" parentDisplayName="Worker" />
      </MissingDependency>
      <MissingDependency>
        <Required key="0" type="1" schemaName="cdm_worker" displayName="Worker" solution="HCMCommon (2.1.29.1)" />
        <Dependent key="81" type="10" schemaName="crc46_workeronboardingcontact_worker_cdm_" displayName="crc46_workeronboardingcontact_worker_cdm_" parentSchemaName="cdm_worker" parentDisplayName="Worker" />
      </MissingDependency>
      <MissingDependency>
        <Required key="1" type="1" schemaName="msdyn_candidate" displayName="Candidate" solution="msdyn_TalentApp (6.217.0)" />
        <Dependent key="78" type="300" schemaName="crc46_candidatesmanagementapp_019fa" displayName="Candidates Management App" />
      </MissingDependency>
      <MissingDependency>
        <Required key="1" type="1" schemaName="msdyn_candidate" displayName="Candidate" solution="msdyn_TalentApp (6.217.0)" />
        <Dependent key="82" type="29" displayName="Candidate (Update) - Wait for Job Offer to be signed" id="{8a89297b-3b50-ea11-a812-000d3a8c9f3b}" />
      </MissingDependency>
      <MissingDependency>
        <Required key="1" type="1" schemaName="msdyn_candidate" displayName="Candidate" solution="msdyn_TalentApp (6.217.0)" />
        <Dependent key="83" type="10" schemaName="msdyn_candidate_contactid" displayName="msdyn_candidate_contactid" parentSchemaName="contact" parentDisplayName="Contact" />
      </MissingDependency>
      <MissingDependency>
        <Required key="1" type="1" schemaName="msdyn_candidate" displayName="Candidate" solution="msdyn_TalentApp (6.217.0)" />
        <Dependent key="79" type="10" schemaName="msdyn_cdm_worker_msdyn_candidate" displayName="msdyn_cdm_worker_msdyn_candidate" parentSchemaName="cdm_worker" parentDisplayName="Worker" />
      </MissingDependency>
      <MissingDependency>
        <Required key="1" type="1" schemaName="msdyn_candidate" displayName="Candidate" solution="msdyn_TalentApp (6.217.0)" />
        <Dependent key="84" type="29" displayName="Service - Send Job Offer to Candidate for signature" id="{7827e778-1450-ea11-a812-000d3a8c9f3b}" />
      </MissingDependency>
      <MissingDependency>
        <Required key="85" type="1" schemaName="msdyn_teammembershiprole" displayName="Team membership role" solution="msdyn_TalentApp (6.217.0)" />
        <Dependent key="0" type="1" schemaName="cdm_worker" displayName="Worker" />
      </MissingDependency>
      <MissingDependency>
        <Required key="86" type="1" schemaName="msdyn_joboffertemplateparticipant" displayName="Job offer template participant" solution="msdyn_TalentApp (6.217.0)" />
        <Dependent key="0" type="1" schemaName="cdm_worker" displayName="Worker" />
      </MissingDependency>
      <MissingDependency>
        <Required key="87" type="1" schemaName="msdyn_jobofferparticipant" displayName="Job offer participant" solution="msdyn_TalentApp (6.217.0)" />
        <Dependent key="0" type="1" schemaName="cdm_worker" displayName="Worker" />
      </MissingDependency>
      <MissingDependency>
        <Required key="88" type="1" schemaName="msdyn_jobofferesignature" displayName="Job offer ESignature" solution="msdyn_TalentApp (6.217.0)" />
        <Dependent key="0" type="1" schemaName="cdm_worker" displayName="Worker" />
      </MissingDependency>
      <MissingDependency>
        <Required key="89" type="1" schemaName="msdyn_candidatesocialnetwork" displayName="Candidate social network" solution="msdyn_TalentApp (6.217.0)" />
        <Dependent key="1" type="1" schemaName="msdyn_candidate" displayName="Candidate" />
      </MissingDependency>
      <MissingDependency>
        <Required key="90" type="1" schemaName="msdyn_candidateskill" displayName="Candidate skill" solution="msdyn_TalentApp (6.217.0)" />
        <Dependent key="1" type="1" schemaName="msdyn_candidate" displayName="Candidate" />
      </MissingDependency>
      <MissingDependency>
        <Required key="91" type="1" schemaName="msdyn_candidatepersonaldetail" displayName="Candidate personal detail" solution="msdyn_TalentApp (6.217.0)" />
        <Dependent key="1" type="1" schemaName="msdyn_candidate" displayName="Candidate" />
      </MissingDependency>
      <MissingDependency>
        <Required key="92" type="1" schemaName="msdyn_candidatehistory" displayName="Candidate history" solution="msdyn_TalentApp (6.217.0)" />
        <Dependent key="1" type="1" schemaName="msdyn_candidate" displayName="Candidate" />
      </MissingDependency>
      <MissingDependency>
        <Required key="93" type="1" schemaName="msdyn_candidateeducation" displayName="Candidate education" solution="msdyn_TalentApp (6.217.0)" />
        <Dependent key="1" type="1" schemaName="msdyn_candidate" displayName="Candidate" />
      </MissingDependency>
      <MissingDependency>
        <Required key="94" type="1" schemaName="msdyn_candidateartifact" displayName="Candidate artifact" solution="msdyn_TalentApp (6.217.0)" />
        <Dependent key="1" type="1" schemaName="msdyn_candidate" displayName="Candidate" />
      </MissingDependency>
      <MissingDependency>
        <Required key="95" type="1" schemaName="msdyn_assessmentreportpackage" displayName="Assessment report package" solution="msdyn_TalentApp (6.217.0)" />
        <Dependent key="1" type="1" schemaName="msdyn_candidate" displayName="Candidate" />
      </MissingDependency>
      <MissingDependency>
        <Required key="96" type="1" schemaName="cdm_workerpersonidentificationnumber" displayName="Worker Person Identification Number" solution="HCMCommon (2.1.29.1)" />
        <Dependent key="0" type="1" schemaName="cdm_worker" displayName="Worker" />
      </MissingDependency>
      <MissingDependency>
        <Required key="97" type="1" schemaName="cdm_workerpersonaldetail" displayName="Worker Personal Detail" solution="HCMCommon (2.1.29.1)" />
        <Dependent key="0" type="1" schemaName="cdm_worker" displayName="Worker" />
      </MissingDependency>
      <MissingDependency>
        <Required key="98" type="1" schemaName="cdm_workerfixedcompensation" displayName="Worker Fixed Compensation" solution="HCMCommon (2.1.29.1)" />
        <Dependent key="0" type="1" schemaName="cdm_worker" displayName="Worker" />
      </MissingDependency>
      <MissingDependency>
        <Required key="99" type="1" schemaName="cdm_workerbankaccount" displayName="Worker Bank Account" solution="HCMCommon (2.1.29.1)" />
        <Dependent key="0" type="1" schemaName="cdm_worker" displayName="Worker" />
      </MissingDependency>
      <MissingDependency>
        <Required key="100" type="1" schemaName="cdm_workeraddress" displayName="Worker Address" solution="HCMCommon (2.1.29.1)" />
        <Dependent key="0" type="1" schemaName="cdm_worker" displayName="Worker" />
      </MissingDependency>
      <MissingDependency>
        <Required key="101" type="1" schemaName="cdm_positionworkerassignmentmap" displayName="Position Worker Assignment" solution="HCMCommon (2.1.29.1)" />
        <Dependent key="0" type="1" schemaName="cdm_worker" displayName="Worker" />
      </MissingDependency>
      <MissingDependency>
        <Required key="102" type="1" schemaName="cdm_leaverequest" displayName="Leave Request" solution="HCMCommon (2.1.29.1)" />
        <Dependent key="0" type="1" schemaName="cdm_worker" displayName="Worker" />
      </MissingDependency>
      <MissingDependency>
        <Required key="103" type="1" schemaName="cdm_leaveenrollment" displayName="Leave Enrollment" solution="HCMCommon (2.1.29.1)" />
        <Dependent key="0" type="1" schemaName="cdm_worker" displayName="Worker" />
      </MissingDependency>
      <MissingDependency>
        <Required key="104" type="1" schemaName="cdm_leavebanktransaction" displayName="Leave Bank Transaction" solution="HCMCommon (2.1.29.1)" />
        <Dependent key="0" type="1" schemaName="cdm_worker" displayName="Worker" />
      </MissingDependency>
      <MissingDependency>
        <Required key="105" type="1" schemaName="cdm_employment" displayName="Employment" solution="HCMCommon (2.1.29.1)" />
        <Dependent key="0" type="1" schemaName="cdm_worker" displayName="Worker" />
      </MissingDependency>
      <MissingDependency>
        <Required key="106" type="1" schemaName="cdm_businessprocesstemplatetask" displayName="Checklist Template Task" solution="HCMCommon (2.1.29.1)" />
        <Dependent key="0" type="1" schemaName="cdm_worker" displayName="Worker" />
      </MissingDependency>
      <MissingDependency>
        <Required key="107" type="1" schemaName="cdm_businessprocesstemplateheader" displayName="Checklist Template Header" solution="HCMCommon (2.1.29.1)" />
        <Dependent key="0" type="1" schemaName="cdm_worker" displayName="Worker" />
      </MissingDependency>
      <MissingDependency>
        <Required key="1" type="1" schemaName="msdyn_candidate" displayName="Candidate" solution="msdyn_TalentApp (6.217.0)" />
        <Dependent key="108" type="2" schemaName="crc46_jobofferagreementid" displayName="Job Offer Agreement ID" parentSchemaName="msdyn_candidate" parentDisplayName="Candidate" />
      </MissingDependency>
      <MissingDependency>
        <Required key="0" type="1" schemaName="cdm_worker" displayName="Worker" solution="HCMCommon (2.1.29.1)" />
        <Dependent key="109" type="2" schemaName="cdm_sourcename" parentSchemaName="cdm_worker" parentDisplayName="Worker" />
      </MissingDependency>
      <MissingDependency>
        <Required key="1" type="1" schemaName="msdyn_candidate" displayName="Candidate" solution="msdyn_TalentApp (6.217.0)" />
        <Dependent key="110" type="2" schemaName="owningbusinessunit" displayName="Owning Business Unit" parentSchemaName="msdyn_candidate" parentDisplayName="Candidate" />
      </MissingDependency>
      <MissingDependency>
        <Required key="111" type="1" schemaName="msdyn_jobapplication" displayName="Job application" solution="msdyn_TalentApp (6.217.0)" />
        <Dependent key="82" type="29" displayName="Candidate (Update) - Wait for Job Offer to be signed" id="{8a89297b-3b50-ea11-a812-000d3a8c9f3b}" />
      </MissingDependency>
      <MissingDependency>
        <Required key="101" type="1" schemaName="cdm_positionworkerassignmentmap" displayName="Position Worker Assignment" solution="HCMCommon (2.1.29.1)" />
        <Dependent key="112" type="29" displayName="Worker (Create) - Generate Worker Onboarding record" id="{aa9ec678-4650-ea11-a812-000d3a8c9f3b}" />
      </MissingDependency>
      <MissingDependency>
        <Required key="113" type="1" schemaName="cdm_jobposition" displayName="Job Position" solution="HCMCommon (2.1.29.1)" />
        <Dependent key="112" type="29" displayName="Worker (Create) - Generate Worker Onboarding record" id="{aa9ec678-4650-ea11-a812-000d3a8c9f3b}" />
      </MissingDependency>
      <MissingDependency>
        <Required key="111" type="1" schemaName="msdyn_jobapplication" displayName="Job application" solution="msdyn_TalentApp (6.217.0)" />
        <Dependent key="84" type="29" displayName="Service - Send Job Offer to Candidate for signature" id="{7827e778-1450-ea11-a812-000d3a8c9f3b}" />
      </MissingDependency>
      <MissingDependency>
        <Required key="114" type="1" schemaName="msdyn_jobofferapproval" displayName="Job offer approval" solution="msdyn_TalentApp (6.217.0)" />
        <Dependent key="0" type="1" schemaName="cdm_worker" displayName="Worker" />
      </MissingDependency>
      <MissingDependency>
        <Required key="115" type="1" schemaName="msdyn_joboffer" displayName="Job offer" solution="msdyn_TalentApp (6.217.0)" />
        <Dependent key="0" type="1" schemaName="cdm_worker" displayName="Worker" />
      </MissingDependency>
      <MissingDependency>
        <Required key="116" type="1" schemaName="msdyn_jobapplicationoffernote" displayName="Job application offer note" solution="msdyn_TalentApp (6.217.0)" />
        <Dependent key="0" type="1" schemaName="cdm_worker" displayName="Worker" />
      </MissingDependency>
      <MissingDependency>
        <Required key="117" type="1" schemaName="msdyn_talentsourcedetail" displayName="Talent Source Detail" solution="msdyn_TalentApp (6.217.0)" />
        <Dependent key="0" type="1" schemaName="cdm_worker" displayName="Worker" />
      </MissingDependency>
      <MissingDependency>
        <Required key="118" type="1" schemaName="msdyn_talentpoolparticipant" displayName="Talent pool participant" solution="msdyn_TalentApp (6.217.0)" />
        <Dependent key="0" type="1" schemaName="cdm_worker" displayName="Worker" />
      </MissingDependency>
      <MissingDependency>
        <Required key="119" type="1" schemaName="msdyn_talentaccesstrail" displayName="Talent access trail" solution="msdyn_TalentApp (6.217.0)" />
        <Dependent key="0" type="1" schemaName="cdm_worker" displayName="Worker" />
      </MissingDependency>
      <MissingDependency>
        <Required key="120" type="1" schemaName="msdyn_onboardingprojectactivityparticipant" displayName="Onboarding guide activity participant" solution="msdyn_TalentApp (6.217.0)" />
        <Dependent key="0" type="1" schemaName="cdm_worker" displayName="Worker" />
      </MissingDependency>
      <MissingDependency>
        <Required key="121" type="1" schemaName="msdyn_onboardingproject" displayName="Onboarding guide" solution="msdyn_TalentApp (6.217.0)" />
        <Dependent key="0" type="1" schemaName="cdm_worker" displayName="Worker" />
      </MissingDependency>
      <MissingDependency>
        <Required key="122" type="1" schemaName="msdyn_onboardingprojectparticipant" displayName="Onboarding guide participant" solution="msdyn_TalentApp (6.217.0)" />
        <Dependent key="0" type="1" schemaName="cdm_worker" displayName="Worker" />
      </MissingDependency>
      <MissingDependency>
        <Required key="123" type="1" schemaName="msdyn_onboardingartifact" displayName="Onboarding artifact" solution="msdyn_TalentApp (6.217.0)" />
        <Dependent key="0" type="1" schemaName="cdm_worker" displayName="Worker" />
      </MissingDependency>
      <MissingDependency>
        <Required key="124" type="1" schemaName="msdyn_jobopeningparticipant" displayName="Job opening participant" solution="msdyn_TalentApp (6.217.0)" />
        <Dependent key="0" type="1" schemaName="cdm_worker" displayName="Worker" />
      </MissingDependency>
      <MissingDependency>
        <Required key="125" type="1" schemaName="msdyn_jobopeningapprovalparticipant" displayName="Job opening approval participant" solution="msdyn_TalentApp (6.217.0)" />
        <Dependent key="0" type="1" schemaName="cdm_worker" displayName="Worker" />
      </MissingDependency>
      <MissingDependency>
        <Required key="126" type="1" schemaName="msdyn_jobopening" displayName="Job opening" solution="msdyn_TalentApp (6.217.0)" />
        <Dependent key="0" type="1" schemaName="cdm_worker" displayName="Worker" />
      </MissingDependency>
      <MissingDependency>
        <Required key="127" type="1" schemaName="msdyn_jobapplicationactivityparticipantmeet" displayName="Job application activity participant meeting" solution="msdyn_TalentApp (6.217.0)" />
        <Dependent key="0" type="1" schemaName="cdm_worker" displayName="Worker" />
      </MissingDependency>
      <MissingDependency>
        <Required key="128" type="1" schemaName="msdyn_jobapplicationactivityavailability" displayName="Job application activity availability" solution="msdyn_TalentApp (6.217.0)" />
        <Dependent key="0" type="1" schemaName="cdm_worker" displayName="Worker" />
      </MissingDependency>
      <MissingDependency>
        <Required key="129" type="1" schemaName="msdyn_assessmentreportparticipant" displayName="Assessment report participant" solution="msdyn_TalentApp (6.217.0)" />
        <Dependent key="0" type="1" schemaName="cdm_worker" displayName="Worker" />
      </MissingDependency>
      <MissingDependency>
        <Required key="95" type="1" schemaName="msdyn_assessmentreportpackage" displayName="Assessment report package" solution="msdyn_TalentApp (6.217.0)" />
        <Dependent key="0" type="1" schemaName="cdm_worker" displayName="Worker" />
      </MissingDependency>
      <MissingDependency>
        <Required key="130" type="1" schemaName="msdyn_applicationroleassignment" displayName="Application role assignment" solution="msdyn_TalentApp (6.217.0)" />
        <Dependent key="0" type="1" schemaName="cdm_worker" displayName="Worker" />
      </MissingDependency>
      <MissingDependency>
        <Required key="131" type="1" schemaName="msdyn_jobapplicationactivityparticipant" displayName="Job application activity participant" solution="msdyn_TalentApp (6.217.0)" />
        <Dependent key="0" type="1" schemaName="cdm_worker" displayName="Worker" />
      </MissingDependency>
      <MissingDependency>
        <Required key="117" type="1" schemaName="msdyn_talentsourcedetail" displayName="Talent Source Detail" solution="msdyn_TalentApp (6.217.0)" />
        <Dependent key="1" type="1" schemaName="msdyn_candidate" displayName="Candidate" />
      </MissingDependency>
      <MissingDependency>
        <Required key="111" type="1" schemaName="msdyn_jobapplication" displayName="Job application" solution="msdyn_TalentApp (6.217.0)" />
        <Dependent key="1" type="1" schemaName="msdyn_candidate" displayName="Candidate" />
      </MissingDependency>
      <MissingDependency>
        <Required key="132" type="1" schemaName="msdyn_candidateworkexperience" displayName="Candidate work experience" solution="msdyn_TalentApp (6.217.0)" />
        <Dependent key="1" type="1" schemaName="msdyn_candidate" displayName="Candidate" />
      </MissingDependency>
      <MissingDependency>
        <Required key="133" type="1" schemaName="msdyn_candidatetracking" displayName="Candidate tracking" solution="msdyn_TalentApp (6.217.0)" />
        <Dependent key="1" type="1" schemaName="msdyn_candidate" displayName="Candidate" />
      </MissingDependency>
      <MissingDependency>
        <Required key="134" type="2" schemaName="cdm_workerid" displayName="Worker" parentSchemaName="cdm_worker" parentDisplayName="Worker" solution="HCMCommon (2.1.29.1)" />
        <Dependent key="135" type="26" schemaName="Worker Lookup View" displayName="Worker Lookup View" parentSchemaName="cdm_worker" parentDisplayName="Worker" id="{5c67d98a-ed6d-49d7-b077-7fd6281d8391}" />
      </MissingDependency>
      <MissingDependency>
        <Required key="134" type="2" schemaName="cdm_workerid" displayName="Worker" parentSchemaName="cdm_worker" parentDisplayName="Worker" solution="HCMCommon (2.1.29.1)" />
        <Dependent key="80" type="10" schemaName="crc46_workeronboarding_Worker_cdm_worker" displayName="crc46_workeronboarding_Worker_cdm_worker" parentSchemaName="cdm_worker" parentDisplayName="Worker" />
      </MissingDependency>
      <MissingDependency>
        <Required key="134" type="2" schemaName="cdm_workerid" displayName="Worker" parentSchemaName="cdm_worker" parentDisplayName="Worker" solution="HCMCommon (2.1.29.1)" />
        <Dependent key="73" type="26" schemaName="Active Worker Onboardings" displayName="Active Worker Onboardings" parentSchemaName="crc46_workeronboarding" parentDisplayName="Worker Onboarding" id="{565faeda-e708-4959-b2ff-04f45046f3fa}" />
      </MissingDependency>
      <MissingDependency>
        <Required key="134" type="2" schemaName="cdm_workerid" displayName="Worker" parentSchemaName="cdm_worker" parentDisplayName="Worker" solution="HCMCommon (2.1.29.1)" />
        <Dependent key="81" type="10" schemaName="crc46_workeronboardingcontact_worker_cdm_" displayName="crc46_workeronboardingcontact_worker_cdm_" parentSchemaName="cdm_worker" parentDisplayName="Worker" />
      </MissingDependency>
      <MissingDependency>
        <Required key="134" type="2" schemaName="cdm_workerid" displayName="Worker" parentSchemaName="cdm_worker" parentDisplayName="Worker" solution="HCMCommon (2.1.29.1)" />
        <Dependent key="79" type="10" schemaName="msdyn_cdm_worker_msdyn_candidate" displayName="msdyn_cdm_worker_msdyn_candidate" parentSchemaName="cdm_worker" parentDisplayName="Worker" />
      </MissingDependency>
      <MissingDependency>
        <Required key="134" type="2" schemaName="cdm_workerid" displayName="Worker" parentSchemaName="cdm_worker" parentDisplayName="Worker" solution="HCMCommon (2.1.29.1)" />
        <Dependent key="76" type="10" schemaName="cdm_manager_worker" displayName="cdm_manager_worker" parentSchemaName="cdm_worker" parentDisplayName="Worker" />
      </MissingDependency>
      <MissingDependency>
        <Required key="136" type="2" schemaName="statecode" displayName="Status" parentSchemaName="cdm_worker" parentDisplayName="Worker" solution="HCMCommon (2.1.29.1)" />
        <Dependent key="135" type="26" schemaName="Worker Lookup View" displayName="Worker Lookup View" parentSchemaName="cdm_worker" parentDisplayName="Worker" id="{5c67d98a-ed6d-49d7-b077-7fd6281d8391}" />
      </MissingDependency>
      <MissingDependency>
        <Required key="137" type="2" schemaName="cdm_workernumber" displayName="Worker Number" parentSchemaName="cdm_worker" parentDisplayName="Worker" solution="HCMCommon (2.1.29.1)" />
        <Dependent key="81" type="10" schemaName="crc46_workeronboardingcontact_worker_cdm_" displayName="crc46_workeronboardingcontact_worker_cdm_" parentSchemaName="cdm_worker" parentDisplayName="Worker" />
      </MissingDependency>
      <MissingDependency>
        <Required key="137" type="2" schemaName="cdm_workernumber" displayName="Worker Number" parentSchemaName="cdm_worker" parentDisplayName="Worker" solution="HCMCommon (2.1.29.1)" />
        <Dependent key="80" type="10" schemaName="crc46_workeronboarding_Worker_cdm_worker" displayName="crc46_workeronboarding_Worker_cdm_worker" parentSchemaName="cdm_worker" parentDisplayName="Worker" />
      </MissingDependency>
      <MissingDependency>
        <Required key="137" type="2" schemaName="cdm_workernumber" displayName="Worker Number" parentSchemaName="cdm_worker" parentDisplayName="Worker" solution="HCMCommon (2.1.29.1)" />
        <Dependent key="79" type="10" schemaName="msdyn_cdm_worker_msdyn_candidate" displayName="msdyn_cdm_worker_msdyn_candidate" parentSchemaName="cdm_worker" parentDisplayName="Worker" />
      </MissingDependency>
      <MissingDependency>
        <Required key="137" type="2" schemaName="cdm_workernumber" displayName="Worker Number" parentSchemaName="cdm_worker" parentDisplayName="Worker" solution="HCMCommon (2.1.29.1)" />
        <Dependent key="135" type="26" schemaName="Worker Lookup View" displayName="Worker Lookup View" parentSchemaName="cdm_worker" parentDisplayName="Worker" id="{5c67d98a-ed6d-49d7-b077-7fd6281d8391}" />
      </MissingDependency>
      <MissingDependency>
        <Required key="137" type="2" schemaName="cdm_workernumber" displayName="Worker Number" parentSchemaName="cdm_worker" parentDisplayName="Worker" solution="HCMCommon (2.1.29.1)" />
        <Dependent key="138" type="10" schemaName="crc46_workeronboardingcontact_onboardingc" displayName="crc46_workeronboardingcontact_onboardingc" parentSchemaName="cdm_worker" parentDisplayName="Worker" />
      </MissingDependency>
      <MissingDependency>
        <Required key="137" type="2" schemaName="cdm_workernumber" displayName="Worker Number" parentSchemaName="cdm_worker" parentDisplayName="Worker" solution="HCMCommon (2.1.29.1)" />
        <Dependent key="76" type="10" schemaName="cdm_manager_worker" displayName="cdm_manager_worker" parentSchemaName="cdm_worker" parentDisplayName="Worker" />
      </MissingDependency>
      <MissingDependency>
        <Required key="137" type="2" schemaName="cdm_workernumber" displayName="Worker Number" parentSchemaName="cdm_worker" parentDisplayName="Worker" solution="HCMCommon (2.1.29.1)" />
        <Dependent key="139" type="10" schemaName="crc46_workeronboarding_manager_cdm_worker" displayName="crc46_workeronboarding_manager_cdm_worker" parentSchemaName="cdm_worker" parentDisplayName="Worker" />
      </MissingDependency>
      <MissingDependency>
        <Required key="140" type="2" schemaName="msdyn_userid" displayName="User" parentSchemaName="cdm_worker" parentDisplayName="Worker" solution="msdyn_TalentApp (6.217.0)" />
        <Dependent key="75" type="10" schemaName="msdyn_systemuser_cdm_worker" displayName="msdyn_systemuser_cdm_worker" parentSchemaName="systemuser" parentDisplayName="User" />
      </MissingDependency>
      <MissingDependency>
        <Required key="141" type="2" schemaName="msdyn_autonumber" displayName="Candidate number" parentSchemaName="msdyn_candidate" parentDisplayName="Candidate" solution="msdyn_TalentApp (6.217.0)" />
        <Dependent key="142" type="60" displayName="Information" parentDisplayName="Candidate" id="{c5e94a40-c9ad-43aa-be35-1759d33bcde1}" />
      </MissingDependency>
      <MissingDependency>
        <Required key="143" type="2" schemaName="cdm_primaryemailaddress" displayName="Primary Email Address" parentSchemaName="cdm_worker" parentDisplayName="Worker" solution="HCMCommon (2.1.29.1)" />
        <Dependent key="31" type="60" displayName=" quick view form" parentDisplayName="Worker" id="{18d21fcc-7350-ea11-a812-000d3a8c9f3b}" />
      </MissingDependency>
      <MissingDependency>
        <Required key="144" type="2" schemaName="cdm_fullname" displayName="Full Name" parentSchemaName="cdm_worker" parentDisplayName="Worker" solution="HCMCommon (2.1.29.1)" />
        <Dependent key="31" type="60" displayName=" quick view form" parentDisplayName="Worker" id="{18d21fcc-7350-ea11-a812-000d3a8c9f3b}" />
      </MissingDependency>
      <MissingDependency>
        <Required key="144" type="2" schemaName="cdm_fullname" displayName="Full Name" parentSchemaName="cdm_worker" parentDisplayName="Worker" solution="HCMCommon (2.1.29.1)" />
        <Dependent key="73" type="26" schemaName="Active Worker Onboardings" displayName="Active Worker Onboardings" parentSchemaName="crc46_workeronboarding" parentDisplayName="Worker Onboarding" id="{565faeda-e708-4959-b2ff-04f45046f3fa}" />
      </MissingDependency>
      <MissingDependency>
        <Required key="144" type="2" schemaName="cdm_fullname" displayName="Full Name" parentSchemaName="cdm_worker" parentDisplayName="Worker" solution="HCMCommon (2.1.29.1)" />
        <Dependent key="135" type="26" schemaName="Worker Lookup View" displayName="Worker Lookup View" parentSchemaName="cdm_worker" parentDisplayName="Worker" id="{5c67d98a-ed6d-49d7-b077-7fd6281d8391}" />
      </MissingDependency>
      <MissingDependency>
        <Required key="145" type="2" schemaName="cdm_managerworkerid" displayName="Manager" parentSchemaName="cdm_worker" parentDisplayName="Worker" solution="HCMCommon (2.1.29.1)" />
        <Dependent key="76" type="10" schemaName="cdm_manager_worker" displayName="cdm_manager_worker" parentSchemaName="cdm_worker" parentDisplayName="Worker" />
      </MissingDependency>
      <MissingDependency>
        <Required key="146" type="2" schemaName="msdyn_contactid" displayName="Contact" parentSchemaName="msdyn_candidate" parentDisplayName="Candidate" solution="msdyn_TalentApp (6.217.0)" />
        <Dependent key="83" type="10" schemaName="msdyn_candidate_contactid" displayName="msdyn_candidate_contactid" parentSchemaName="contact" parentDisplayName="Contact" />
      </MissingDependency>
      <MissingDependency>
        <Required key="147" type="2" schemaName="createdon" displayName="Created On" parentSchemaName="cdm_worker" parentDisplayName="Worker" solution="HCMCommon (2.1.29.1)" />
        <Dependent key="135" type="26" schemaName="Worker Lookup View" displayName="Worker Lookup View" parentSchemaName="cdm_worker" parentDisplayName="Worker" id="{5c67d98a-ed6d-49d7-b077-7fd6281d8391}" />
      </MissingDependency>
      <MissingDependency>
        <Required key="148" type="2" schemaName="msdyn_workerid" displayName="Worker" parentSchemaName="msdyn_candidate" parentDisplayName="Candidate" solution="msdyn_TalentApp (6.217.0)" />
        <Dependent key="79" type="10" schemaName="msdyn_cdm_worker_msdyn_candidate" displayName="msdyn_cdm_worker_msdyn_candidate" parentSchemaName="cdm_worker" parentDisplayName="Worker" />
      </MissingDependency>
      <MissingDependency>
        <Required key="76" type="10" schemaName="cdm_manager_worker" displayName="cdm_manager_worker" parentSchemaName="cdm_worker" parentDisplayName="Worker" solution="HCMCommon (2.1.29.1)" />
        <Dependent key="76" type="10" schemaName="cdm_manager_worker" displayName="cdm_manager_worker" parentSchemaName="cdm_worker" parentDisplayName="Worker" />
      </MissingDependency>
      <MissingDependency>
        <Required key="75" type="10" schemaName="msdyn_systemuser_cdm_worker" displayName="msdyn_systemuser_cdm_worker" parentSchemaName="systemuser" parentDisplayName="User" solution="msdyn_TalentApp (6.217.0)" />
        <Dependent key="75" type="10" schemaName="msdyn_systemuser_cdm_worker" displayName="msdyn_systemuser_cdm_worker" parentSchemaName="systemuser" parentDisplayName="User" />
      </MissingDependency>
      <MissingDependency>
        <Required key="79" type="10" schemaName="msdyn_cdm_worker_msdyn_candidate" displayName="msdyn_cdm_worker_msdyn_candidate" parentSchemaName="cdm_worker" parentDisplayName="Worker" solution="msdyn_TalentApp (6.217.0)" />
        <Dependent key="79" type="10" schemaName="msdyn_cdm_worker_msdyn_candidate" displayName="msdyn_cdm_worker_msdyn_candidate" parentSchemaName="cdm_worker" parentDisplayName="Worker" />
      </MissingDependency>
      <MissingDependency>
        <Required key="83" type="10" schemaName="msdyn_candidate_contactid" displayName="msdyn_candidate_contactid" parentSchemaName="contact" parentDisplayName="Contact" solution="msdyn_TalentApp (6.217.0)" />
        <Dependent key="83" type="10" schemaName="msdyn_candidate_contactid" displayName="msdyn_candidate_contactid" parentSchemaName="contact" parentDisplayName="Contact" />
      </MissingDependency>
      <MissingDependency>
        <Required key="83" type="10" schemaName="msdyn_candidate_contactid" displayName="msdyn_candidate_contactid" parentSchemaName="contact" parentDisplayName="Contact" solution="msdyn_TalentApp (6.217.0)" />
        <Dependent key="6" type="2" schemaName="msdyn_contactidname" parentSchemaName="msdyn_candidate" parentDisplayName="Candidate" />
      </MissingDependency>
      <MissingDependency>
        <Required key="75" type="10" schemaName="msdyn_systemuser_cdm_worker" displayName="msdyn_systemuser_cdm_worker" parentSchemaName="systemuser" parentDisplayName="User" solution="msdyn_TalentApp (6.217.0)" />
        <Dependent key="68" type="2" schemaName="msdyn_useridname" parentSchemaName="cdm_worker" parentDisplayName="Worker" />
      </MissingDependency>
      <MissingDependency>
        <Required key="75" type="10" schemaName="msdyn_systemuser_cdm_worker" displayName="msdyn_systemuser_cdm_worker" parentSchemaName="systemuser" parentDisplayName="User" solution="msdyn_TalentApp (6.217.0)" />
        <Dependent key="56" type="2" schemaName="msdyn_useridyominame" parentSchemaName="cdm_worker" parentDisplayName="Worker" />
      </MissingDependency>
      <MissingDependency>
        <Required key="83" type="10" schemaName="msdyn_candidate_contactid" displayName="msdyn_candidate_contactid" parentSchemaName="contact" parentDisplayName="Contact" solution="msdyn_TalentApp (6.217.0)" />
        <Dependent key="2" type="2" schemaName="msdyn_contactidyominame" parentSchemaName="msdyn_candidate" parentDisplayName="Candidate" />
      </MissingDependency>
      <MissingDependency>
        <Required key="79" type="10" schemaName="msdyn_cdm_worker_msdyn_candidate" displayName="msdyn_cdm_worker_msdyn_candidate" parentSchemaName="cdm_worker" parentDisplayName="Worker" solution="msdyn_TalentApp (6.217.0)" />
        <Dependent key="59" type="2" schemaName="msdyn_workeridname" parentSchemaName="msdyn_candidate" parentDisplayName="Candidate" />
      </MissingDependency>
      <MissingDependency>
        <Required key="76" type="10" schemaName="cdm_manager_worker" displayName="cdm_manager_worker" parentSchemaName="cdm_worker" parentDisplayName="Worker" solution="HCMCommon (2.1.29.1)" />
        <Dependent key="3" type="2" schemaName="cdm_managerworkeridname" parentSchemaName="cdm_worker" parentDisplayName="Worker" />
      </MissingDependency>
      <MissingDependency>
        <Required key="135" type="26" schemaName="Worker Lookup View" displayName="Worker Lookup View" parentSchemaName="cdm_worker" parentDisplayName="Worker" solution="HCMCommon (2.1.29.1)" id="{5c67d98a-ed6d-49d7-b077-7fd6281d8391}" />
        <Dependent key="135" type="26" schemaName="Worker Lookup View" displayName="Worker Lookup View" parentSchemaName="cdm_worker" parentDisplayName="Worker" id="{5c67d98a-ed6d-49d7-b077-7fd6281d8391}" />
      </MissingDependency>
      <MissingDependency>
        <Required key="142" type="60" displayName="Information" parentDisplayName="Candidate" solution="msdyn_TalentApp (6.217.0)" id="{c5e94a40-c9ad-43aa-be35-1759d33bcde1}" />
        <Dependent key="142" type="60" displayName="Information" parentDisplayName="Candidate" id="{c5e94a40-c9ad-43aa-be35-1759d33bcde1}" />
      </MissingDependency>
      <MissingDependency>
        <Required key="149" type="66" schemaName="MscrmControls.FlipSwitch.FlipSwitchControl" displayName="MscrmControls.FlipSwitch.FlipSwitchControl" solution="CustomControlsCore (9.1.0000.13230)" />
        <Dependent key="150" type="60" displayName=" quick create form" parentDisplayName="Onboarding Task" id="{a8943f44-7850-ea11-a812-000d3a8c9f3b}" />
      </MissingDependency>
      <MissingDependency>
        <Required key="149" type="66" schemaName="MscrmControls.FlipSwitch.FlipSwitchControl" displayName="MscrmControls.FlipSwitch.FlipSwitchControl" solution="CustomControlsCore (9.1.0000.13230)" />
        <Dependent key="151" type="60" displayName="Information" parentDisplayName="Onboarding Task" id="{c4853d18-1514-4fef-a300-9d880843b543}" />
      </MissingDependency>
      <MissingDependency>
        <Required key="149" type="66" schemaName="MscrmControls.FlipSwitch.FlipSwitchControl" displayName="MscrmControls.FlipSwitch.FlipSwitchControl" solution="CustomControlsCore (9.1.0000.13230)" />
        <Dependent key="152" type="60" displayName="Information" parentDisplayName="Worker Onboarding" id="{59244adf-93c3-45f1-a998-596743add700}" />
      </MissingDependency>
      <MissingDependency>
        <Required key="153" type="66" schemaName="MscrmControls.Canvas.CanvasControl" displayName="MscrmControls.Canvas.CanvasControl" solution="BaseCustomControlsCore (9.0.2001.3007)" />
        <Dependent key="152" type="60" displayName="Information" parentDisplayName="Worker Onboarding" id="{59244adf-93c3-45f1-a998-596743add700}" />
      </MissingDependency>
      <MissingDependency>
        <Required key="154" type="61" schemaName="msdyn_/Images/AppModule_Default_Icon.png" displayName="msdyn_/Images/AppModule_Default_Icon.png" solution="AppModuleWebResources (2.5)" />
        <Dependent key="155" type="80" schemaName="crc46_OnboardingHub" displayName="Onboarding Hub" />
      </MissingDependency>
    </MissingDependencies>
  </SolutionManifest>
</ImportExportXml>