<ImportExportXml version="9.2.21112.125" SolutionPackageVersion="9.2" languagecode="1033" generatedBy="CrmLive" xmlns:xsi="http://www.w3.org/2001/XMLSchema-instance">
  <SolutionManifest>
    <UniqueName>AppOperationalizationSuccess</UniqueName>
    <LocalizedNames>
      <LocalizedName description="AppOperationalizationSuccess" languagecode="1033" />
    </LocalizedNames>
    <Descriptions>
      <Description description="Solution for a demonstration of a good operationalization of an application" languagecode="1033" />
    </Descriptions>
    <Version>1.0.0</Version>
    <Managed>0</Managed>
    <Publisher>
      <UniqueName>Raphael</UniqueName>
      <LocalizedNames>
        <LocalizedName description="Raphael" languagecode="1033" />
      </LocalizedNames>
      <Descriptions />
      <EMailAddress xsi:nil="true"></EMailAddress>
      <SupportingWebsiteUrl xsi:nil="true"></SupportingWebsiteUrl>
      <CustomizationPrefix>rpo</CustomizationPrefix>
      <CustomizationOptionValuePrefix>10000</CustomizationOptionValuePrefix>
      <Addresses>
        <Address>
          <AddressNumber>1</AddressNumber>
          <AddressTypeCode>1</AddressTypeCode>
          <City xsi:nil="true"></City>
          <County xsi:nil="true"></County>
          <Country xsi:nil="true"></Country>
          <Fax xsi:nil="true"></Fax>
          <FreightTermsCode xsi:nil="true"></FreightTermsCode>
          <ImportSequenceNumber xsi:nil="true"></ImportSequenceNumber>
          <Latitude xsi:nil="true"></Latitude>
          <Line1 xsi:nil="true"></Line1>
          <Line2 xsi:nil="true"></Line2>
          <Line3 xsi:nil="true"></Line3>
          <Longitude xsi:nil="true"></Longitude>
          <Name xsi:nil="true"></Name>
          <PostalCode xsi:nil="true"></PostalCode>
          <PostOfficeBox xsi:nil="true"></PostOfficeBox>
          <PrimaryContactName xsi:nil="true"></PrimaryContactName>
          <ShippingMethodCode>1</ShippingMethodCode>
          <StateOrProvince xsi:nil="true"></StateOrProvince>
          <Telephone1 xsi:nil="true"></Telephone1>
          <Telephone2 xsi:nil="true"></Telephone2>
          <Telephone3 xsi:nil="true"></Telephone3>
          <TimeZoneRuleVersionNumber xsi:nil="true"></TimeZoneRuleVersionNumber>
          <UPSZone xsi:nil="true"></UPSZone>
          <UTCOffset xsi:nil="true"></UTCOffset>
          <UTCConversionTimeZoneCode xsi:nil="true"></UTCConversionTimeZoneCode>
        </Address>
        <Address>
          <AddressNumber>2</AddressNumber>
          <AddressTypeCode>1</AddressTypeCode>
          <City xsi:nil="true"></City>
          <County xsi:nil="true"></County>
          <Country xsi:nil="true"></Country>
          <Fax xsi:nil="true"></Fax>
          <FreightTermsCode xsi:nil="true"></FreightTermsCode>
          <ImportSequenceNumber xsi:nil="true"></ImportSequenceNumber>
          <Latitude xsi:nil="true"></Latitude>
          <Line1 xsi:nil="true"></Line1>
          <Line2 xsi:nil="true"></Line2>
          <Line3 xsi:nil="true"></Line3>
          <Longitude xsi:nil="true"></Longitude>
          <Name xsi:nil="true"></Name>
          <PostalCode xsi:nil="true"></PostalCode>
          <PostOfficeBox xsi:nil="true"></PostOfficeBox>
          <PrimaryContactName xsi:nil="true"></PrimaryContactName>
          <ShippingMethodCode>1</ShippingMethodCode>
          <StateOrProvince xsi:nil="true"></StateOrProvince>
          <Telephone1 xsi:nil="true"></Telephone1>
          <Telephone2 xsi:nil="true"></Telephone2>
          <Telephone3 xsi:nil="true"></Telephone3>
          <TimeZoneRuleVersionNumber xsi:nil="true"></TimeZoneRuleVersionNumber>
          <UPSZone xsi:nil="true"></UPSZone>
          <UTCOffset xsi:nil="true"></UTCOffset>
          <UTCConversionTimeZoneCode xsi:nil="true"></UTCConversionTimeZoneCode>
        </Address>
      </Addresses>
    </Publisher>
    <RootComponents>
      <RootComponent type="1" schemaName="contact" behavior="2" />
      <RootComponent type="1" schemaName="rpo_contactcreationrequest" behavior="0" />
      <RootComponent type="1" schemaName="task" behavior="1" />
      <RootComponent type="29" id="{305cf7c2-563c-ec11-8c62-000d3a09f88d}" behavior="0" />
      <RootComponent type="29" id="{7a1aa7d2-3744-ec11-8c62-000d3af45a11}" behavior="0" />
      <RootComponent type="29" id="{b751bfd1-f643-ec11-8c62-000d3af45a11}" behavior="0" />
      <RootComponent type="29" id="{bea26c65-f743-ec11-8c62-000d3af45a11}" behavior="0" />
      <RootComponent type="62" schemaName="rpo_AppOperationalizationSuccessDemo" behavior="0" />
      <RootComponent type="80" schemaName="rpo_AppOperationalizationSuccessDemo" behavior="0" />
      <RootComponent type="300" schemaName="rpo_appoperationalizationsuccessdemodefaultcommandlibrary_92fd9" behavior="0" />
      <RootComponent type="300" schemaName="rpo_createcontact1_7e816" behavior="0" />
      <RootComponent type="300" schemaName="rpo_createcontact2_a1039" behavior="0" />
    </RootComponents>
    <MissingDependencies>
      <MissingDependency>
        <Required type="1" schemaName="appnotification" displayName="Notification" solution="AppNotifications (10.0.0.1)" />
        <Dependent type="29" displayName="Retry Contact + Task creation requests" id="{7a1aa7d2-3744-ec11-8c62-000d3af45a11}" />
      </MissingDependency>
      <MissingDependency>
        <Required type="1" schemaName="appnotification" displayName="Notification" solution="AppNotifications (10.0.0.1)" />
        <Dependent type="29" displayName="Create Contact + Task on Contact Creation Request" id="{b751bfd1-f643-ec11-8c62-000d3af45a11}" />
      </MissingDependency>
      <MissingDependency>
        <Required type="61" schemaName="msdyn_/Images/AppModule_Default_Icon.png" displayName="msdyn_/Images/AppModule_Default_Icon.png" solution="AppModuleWebResources (2.5)" />
        <Dependent type="80" schemaName="rpo_AppOperationalizationSuccessDemo" displayName="AppOperationalizationSuccessDemo" />
      </MissingDependency>
    </MissingDependencies>
  </SolutionManifest>
</ImportExportXml>