<ImportExportXml version="9.1.0.24949" SolutionPackageVersion="9.1" languagecode="1033" generatedBy="CrmLive" xmlns:xsi="http://www.w3.org/2001/XMLSchema-instance">
  <SolutionManifest>
    <UniqueName>HumanResourcesAppEnhancements</UniqueName>
    <LocalizedNames>
      <LocalizedName description="Human Resources App Enhancements" languagecode="1033" />
    </LocalizedNames>
    <Descriptions />
    <Version>1.0.0</Version>
    <Managed>0</Managed>
    <Publisher>
      <UniqueName>rpothin</UniqueName>
      <LocalizedNames>
        <LocalizedName description="Rpothin" languagecode="1033" />
      </LocalizedNames>
      <Descriptions />
      <EMailAddress xsi:nil="true"></EMailAddress>
      <SupportingWebsiteUrl xsi:nil="true"></SupportingWebsiteUrl>
      <CustomizationPrefix>rpo</CustomizationPrefix>
      <CustomizationOptionValuePrefix>92737</CustomizationOptionValuePrefix>
      <Addresses>
        <Address>
          <AddressNumber>1</AddressNumber>
          <AddressTypeCode>1</AddressTypeCode>
          <City xsi:nil="true"></City>
          <County xsi:nil="true"></County>
          <Country xsi:nil="true"></Country>
          <Fax xsi:nil="true"></Fax>
          <FreightTermsCode xsi:nil="true"></FreightTermsCode>
          <ImportSequenceNumber xsi:nil="true"></ImportSequenceNumber>
          <Latitude xsi:nil="true"></Latitude>
          <Line1 xsi:nil="true"></Line1>
          <Line2 xsi:nil="true"></Line2>
          <Line3 xsi:nil="true"></Line3>
          <Longitude xsi:nil="true"></Longitude>
          <Name xsi:nil="true"></Name>
          <PostalCode xsi:nil="true"></PostalCode>
          <PostOfficeBox xsi:nil="true"></PostOfficeBox>
          <PrimaryContactName xsi:nil="true"></PrimaryContactName>
          <ShippingMethodCode>1</ShippingMethodCode>
          <StateOrProvince xsi:nil="true"></StateOrProvince>
          <Telephone1 xsi:nil="true"></Telephone1>
          <Telephone2 xsi:nil="true"></Telephone2>
          <Telephone3 xsi:nil="true"></Telephone3>
          <TimeZoneRuleVersionNumber xsi:nil="true"></TimeZoneRuleVersionNumber>
          <UPSZone xsi:nil="true"></UPSZone>
          <UTCOffset xsi:nil="true"></UTCOffset>
          <UTCConversionTimeZoneCode xsi:nil="true"></UTCConversionTimeZoneCode>
        </Address>
        <Address>
          <AddressNumber>2</AddressNumber>
          <AddressTypeCode>1</AddressTypeCode>
          <City xsi:nil="true"></City>
          <County xsi:nil="true"></County>
          <Country xsi:nil="true"></Country>
          <Fax xsi:nil="true"></Fax>
          <FreightTermsCode xsi:nil="true"></FreightTermsCode>
          <ImportSequenceNumber xsi:nil="true"></ImportSequenceNumber>
          <Latitude xsi:nil="true"></Latitude>
          <Line1 xsi:nil="true"></Line1>
          <Line2 xsi:nil="true"></Line2>
          <Line3 xsi:nil="true"></Line3>
          <Longitude xsi:nil="true"></Longitude>
          <Name xsi:nil="true"></Name>
          <PostalCode xsi:nil="true"></PostalCode>
          <PostOfficeBox xsi:nil="true"></PostOfficeBox>
          <PrimaryContactName xsi:nil="true"></PrimaryContactName>
          <ShippingMethodCode>1</ShippingMethodCode>
          <StateOrProvince xsi:nil="true"></StateOrProvince>
          <Telephone1 xsi:nil="true"></Telephone1>
          <Telephone2 xsi:nil="true"></Telephone2>
          <Telephone3 xsi:nil="true"></Telephone3>
          <TimeZoneRuleVersionNumber xsi:nil="true"></TimeZoneRuleVersionNumber>
          <UPSZone xsi:nil="true"></UPSZone>
          <UTCOffset xsi:nil="true"></UTCOffset>
          <UTCConversionTimeZoneCode xsi:nil="true"></UTCConversionTimeZoneCode>
        </Address>
      </Addresses>
    </Publisher>
    <RootComponents>
      <RootComponent type="1" schemaName="cdm_leaverequest" behavior="2" />
      <RootComponent type="29" id="{4b89d07d-0223-eb11-a813-000d3a1c685c}" behavior="0" />
      <RootComponent type="29" id="{8f30639d-d723-eb11-a813-000d3a1c685c}" behavior="0" />
      <RootComponent type="29" id="{ad68084f-c623-eb11-a813-000d3a1c685c}" behavior="0" />
      <RootComponent type="29" id="{af691d93-9c24-eb11-a813-000d3a1c685c}" behavior="0" />
    </RootComponents>
    <MissingDependencies>
      <MissingDependency>
        <Required key="0" type="1" schemaName="cdm_leaverequest" displayName="Leave Request" solution="HCMCommon (2.2.2.1)" />
        <Dependent key="0" type="1" schemaName="cdm_leaverequest" displayName="Leave Request" />
      </MissingDependency>
      <MissingDependency>
        <Required key="0" type="1" schemaName="cdm_leaverequest" displayName="Leave Request" solution="HCMCommon (2.2.2.1)" />
        <Dependent key="1" type="2" schemaName="rpo_managernotified" displayName="Manager Notified" parentSchemaName="cdm_leaverequest" parentDisplayName="Leave Request" />
      </MissingDependency>
      <MissingDependency>
        <Required key="0" type="1" schemaName="cdm_leaverequest" displayName="Leave Request" solution="HCMCommon (2.2.2.1)" />
        <Dependent key="2" type="29" displayName="Leave Request (Approved) - Notifications in Teams" id="{ad68084f-c623-eb11-a813-000d3a1c685c}" />
      </MissingDependency>
      <MissingDependency>
        <Required key="3" type="1" schemaName="cdm_worker" displayName="Worker" solution="HCMCommon (2.2.2.1)" />
        <Dependent key="2" type="29" displayName="Leave Request (Approved) - Notifications in Teams" id="{ad68084f-c623-eb11-a813-000d3a1c685c}" />
      </MissingDependency>
      <MissingDependency>
        <Required key="4" type="1" schemaName="cdm_leaverequestdetail" displayName="Leave Request Detail" solution="HCMCommon (2.2.2.1)" />
        <Dependent key="2" type="29" displayName="Leave Request (Approved) - Notifications in Teams" id="{ad68084f-c623-eb11-a813-000d3a1c685c}" />
      </MissingDependency>
      <MissingDependency>
        <Required key="5" type="2" schemaName="cdm_status" displayName="Status" parentSchemaName="cdm_leaverequest" parentDisplayName="Leave Request" solution="HCMCommon (2.2.2.1)" />
        <Dependent key="2" type="29" displayName="Leave Request (Approved) - Notifications in Teams" id="{ad68084f-c623-eb11-a813-000d3a1c685c}" />
      </MissingDependency>
      <MissingDependency>
        <Required key="0" type="1" schemaName="cdm_leaverequest" displayName="Leave Request" solution="HCMCommon (2.2.2.1)" />
        <Dependent key="6" type="29" displayName="Scheduled (Daily) - Absences of the day publication in Teams" id="{af691d93-9c24-eb11-a813-000d3a1c685c}" />
      </MissingDependency>
      <MissingDependency>
        <Required key="4" type="1" schemaName="cdm_leaverequestdetail" displayName="Leave Request Detail" solution="HCMCommon (2.2.2.1)" />
        <Dependent key="6" type="29" displayName="Scheduled (Daily) - Absences of the day publication in Teams" id="{af691d93-9c24-eb11-a813-000d3a1c685c}" />
      </MissingDependency>
      <MissingDependency>
        <Required key="3" type="1" schemaName="cdm_worker" displayName="Worker" solution="HCMCommon (2.2.2.1)" />
        <Dependent key="6" type="29" displayName="Scheduled (Daily) - Absences of the day publication in Teams" id="{af691d93-9c24-eb11-a813-000d3a1c685c}" />
      </MissingDependency>
      <MissingDependency>
        <Required key="3" type="1" schemaName="cdm_worker" displayName="Worker" solution="HCMCommon (2.2.2.1)" />
        <Dependent key="7" type="29" displayName="Manual - Update manager on all workers" id="{4b89d07d-0223-eb11-a813-000d3a1c685c}" />
      </MissingDependency>
      <MissingDependency>
        <Required key="8" type="1" schemaName="cdm_positionworkerassignmentmap" displayName="Position Worker Assignment" solution="HCMCommon (2.2.2.1)" />
        <Dependent key="7" type="29" displayName="Manual - Update manager on all workers" id="{4b89d07d-0223-eb11-a813-000d3a1c685c}" />
      </MissingDependency>
      <MissingDependency>
        <Required key="9" type="1" schemaName="cdm_jobposition" displayName="Job Position" solution="HCMCommon (2.2.2.1)" />
        <Dependent key="7" type="29" displayName="Manual - Update manager on all workers" id="{4b89d07d-0223-eb11-a813-000d3a1c685c}" />
      </MissingDependency>
    </MissingDependencies>
  </SolutionManifest>
</ImportExportXml>