<appaction uniquename="rpo_CreateContact1!3f5d4172776b4d4a8c68ba603e25073c!rpo_AppOperationalizationSuccessDemo!contact!1">
  <appmoduleid>
    <uniquename>rpo_AppOperationalizationSuccessDemo</uniquename>
  </appmoduleid>
  <buttonaccessibilitytext default="Create Contact 1">
    <label description="Create Contact 1" languagecode="1033" />
  </buttonaccessibilitytext>
  <buttonlabeltext default="Create Contact 1">
    <label description="Create Contact 1" languagecode="1033" />
  </buttonlabeltext>
  <buttonsequencepriority>5.0000000000</buttonsequencepriority>
  <buttontooltiptitle default="Create Contact 1">
    <label description="Create Contact 1" languagecode="1033" />
  </buttontooltiptitle>
  <context>1</context>
  <contextentity>
    <logicalname>contact</logicalname>
  </contextentity>
  <contextvalue>contact</contextvalue>
  <fonticon>$clientsvg:Add</fonticon>
  <hidden>0</hidden>
  <iscustomizable>1</iscustomizable>
  <location>1</location>
  <name>CreateContact1!3f5d4172776b4d4a8c68ba603e25073c</name>
  <onclickeventformulacomponentlibrary>67fc6247-72a7-4290-a4df-705be0ba26cd</onclickeventformulacomponentlibrary>
  <onclickeventformulacomponentlibraryid>
    <name>rpo_appoperationalizationsuccessdemodefaultcommandlibrary_92fd9</name>
  </onclickeventformulacomponentlibraryid>
  <onclickeventformulacomponentname>dd3731ed08f14914802a70810d47d64c</onclickeventformulacomponentname>
  <onclickeventformulafunctionname>OnSelect</onclickeventformulafunctionname>
  <onclickeventtype>1</onclickeventtype>
  <statecode>0</statecode>
  <statuscode>1</statuscode>
  <type>0</type>
</appaction>