{"name":"b0373cd1-72b5-4c5d-8a1f-6540318b6439","id":"/providers/Microsoft.Flow/flows/b0373cd1-72b5-4c5d-8a1f-6540318b6439","type":"Microsoft.Flow/flows","properties":{"apiId":"/providers/Microsoft.PowerApps/apis/shared_logicflows","displayName":"Send welcome card to new employee on first day","definition":{"metadata":{"workflowEntityId":null,"creator":{"id":"bb45ef45-812c-4ac3-b266-d46eef45ac1a","type":"User","tenantId":"5cd7da1e-ddfb-415e-adce-8f00a11f5e49"},"provisioningMethod":"FromDefinition","failureAlertSubscription":true,"clientLastModifiedTime":"2020-02-27T02:55:40.8910053Z"},"$schema":"https://schema.management.azure.com/providers/Microsoft.Logic/schemas/2016-06-01/workflowdefinition.json#","contentVersion":"1.0.0.0","parameters":{"$connections":{"defaultValue":{},"type":"Object"},"$authentication":{"defaultValue":{},"type":"SecureObject"},"dynamicscrmonline.organizationName":{"defaultValue":"","type":"String"},"dynamicscrmonline.entityName":{"defaultValue":"","type":"String"},"cdsruntimecertificate":{"type":"String"},"cdsruntimecertificatepassword":{"type":"SecureString"}},"triggers":{"manual":{"splitOn":"@triggerBody()['rows']","type":"Request","kind":"ApiConnection","inputs":{"schema":{"type":"object","properties":{"rows":{"type":"array","items":{"type":"object","properties":{"entity":{"type":"object","properties":{"_crc46_worker_value":{"title":"Worker","type":"string","format":"guid"},"_crc46_manager_value":{"title":"Manager","type":"string","format":"guid"}},"required":["_crc46_worker_value","_crc46_manager_value"]}},"required":["entity"]}}},"required":["rows"]},"host":{"connection":{"name":"@parameters('$connections')['shared_commondataservice']['connectionId']"},"api":{"runtimeUrl":"https://unitedstates-002.azure-apim.net/apim/commondataservice"}},"operationId":"GetOnNewItems_V2","parameters":{"dataset":"default.cds","table":"crc46_workeronboardings"}}}},"actions":{"Default_adaptive_card_code":{"runAfter":{},"type":"Compose","inputs":{"type":"AdaptiveCard","version":"1.0","body":[{"type":"Image","altText":"","url":"https://org58f8d719.crm.dynamics.com//WebResources/crc46_WelcomeBanner"},{"type":"RichTextBlock","inlines":[{"type":"TextRun","text":"Hi <FirstName>! We are really happy you join us today. By clicking on the button below you will access to our employee handbook. Read it carefully and if you have questions, do not hesitate to ask to our onboarding bot 'Saturne', I am pretty sure he will be able to help you ;) You can also count on <ManagerName> to help you. Have a nice first day and a nice onboarding!"}],"horizontalAlignment":"Center"}],"actions":[{"type":"Action.OpenUrl","title":"Employee Handbook","url":"https://missiontospace.sharepoint.com/sites/HROnboarding/Demo%20Resources/Forms/AllItems.aspx?id=%2Fsites%2FHROnboarding%2FDemo%20Resources%2FValve%5FNewEmployeeHandbook%2Epdf&parent=%2Fsites%2FHROnboarding%2FDemo%20Resources"}],"$schema":"http://adaptivecards.io/schemas/adaptive-card.json"}},"Get_Worker":{"runAfter":{"Default_adaptive_card_code":["Succeeded"]},"type":"OpenApiConnection","inputs":{"host":{"apiId":"/providers/Microsoft.PowerApps/apis/shared_commondataserviceforapps","connectionName":"shared_commondataserviceforapps","operationId":"GetItem"},"parameters":{"entityName":"cdm_workers","recordId":"@triggerBody()?['entity']?['_crc46_worker_value']"},"authentication":"@parameters('$authentication')"}},"Get_Manager":{"runAfter":{"Get_Worker":["Succeeded"]},"type":"OpenApiConnection","inputs":{"host":{"apiId":"/providers/Microsoft.PowerApps/apis/shared_commondataserviceforapps","connectionName":"shared_commondataserviceforapps","operationId":"GetItem"},"parameters":{"entityName":"cdm_workers","recordId":"@triggerBody()?['entity']?['_crc46_manager_value']"},"authentication":"@parameters('$authentication')"}},"Add_Worker_First_Name_to_adaptive_card_code":{"runAfter":{"Get_Manager":["Succeeded"]},"type":"Compose","inputs":"@replace(string(outputs('Default_adaptive_card_code')), '<FirstName>', outputs('Get_Worker')?['body/cdm_firstname'])"},"Add_Manager_Full_Name_to_adaptive_card_code":{"runAfter":{"Add_Worker_First_Name_to_adaptive_card_code":["Succeeded"]},"type":"Compose","inputs":"@replace(outputs('Add_Worker_First_Name_to_adaptive_card_code'), '<ManagerName>', outputs('Get_Manager')?['body/cdm_fullname'])"},"Send_Welcome_adaptive_card_to_new_employee_on_his-her_first_day":{"runAfter":{"Add_Manager_Full_Name_to_adaptive_card_code":["Succeeded"]},"type":"OpenApiConnection","inputs":{"host":{"apiId":"/providers/Microsoft.PowerApps/apis/shared_teams","connectionName":"shared_teams","operationId":"PostUserAdaptiveCard"},"parameters":{"PostAdaptiveCardRequest/recipient/to":"@{outputs('Get_Worker')?['body/cdm_primaryemailaddress']};","PostAdaptiveCardRequest/messageBody":"@outputs('Add_Manager_Full_Name_to_adaptive_card_code')","PostAdaptiveCardRequest/recipient/summary":"Welcome!","PostAdaptiveCardRequest/recipient/isAlert":true},"authentication":{"value":"@json(decodeBase64(triggerOutputs().headers['X-MS-APIM-Tokens']))['$ConnectionKey']","type":"Raw"}}}},"description":"Create one or more actions to happen when records in the Common Data Service portal are selected. To use this flow from Common Data Service, select the record(s) you want to send to the flow, go to the command bar at the top of the screen, select Flows, and choose this flow."},"connectionReferences":{"shared_commondataservice":{"connectionName":"66f11c2f97b6410ea69c9a42ebd7cce5","source":"Invoker","id":"/providers/Microsoft.PowerApps/apis/shared_commondataservice","tier":"NotSpecified"},"shared_commondataserviceforapps":{"connectionName":"shared-commondataser-58054adc-9ec1-4398-b5af-dd569d9523f1","source":"Embedded","id":"/providers/Microsoft.PowerApps/apis/shared_commondataserviceforapps","tier":"NotSpecified"},"shared_teams":{"connectionName":"shared-teams-f011b0c3-d542-4879-a3d4-ac52caefe3f0","source":"Invoker","id":"/providers/Microsoft.PowerApps/apis/shared_teams","tier":"NotSpecified"}},"flowFailureAlertSubscribed":false}}